Name,No.of ratings,Price,ASIN,Customer Reviews,Best Sellers Rank,Date First Available,Packer,Importer,Item Dimensions LxWxH,Net Quantity,Generic Name,Manufacturer
"boAt Rockerz 245 pro Bluetooth in Ear Neckband with Beast Mode(Super Low Latency) for Gaming, ENx Tech for Clear Calls, ASAP Charge, 20HRS Playtime, IPX4, Dual Pairing & BT v5.3(Blue Bliss)",87952.0,1299.0,B0BBVQYCGT,"87,952 ratings
3.9 out of 5 stars","#584 in Electronics (See Top 100 in Electronics)
#153 in In-Ear Headphones",25 August 2022,Imagine Marketing Ltd,Imagine Marketing Ltd,45 x 2 x 2 Centimeters,1 Piece,Bluetooth Neckband,
"boAt Airdopes 190 True Wireless in Ear Earbuds with Beast Mode(50ms) for Gaming, 40H Playtime, Breathing LEDs, Signature Sound, Quad Mics Enx Tech, ASAP Charge & BT v5.3(Black Sabre)",2899.0,1599.0,B0BBTYDK6Y,"2,899 ratings
3.8 out of 5 stars","#137 in Electronics (See Top 100 in Electronics)
#45 in In-Ear Headphones",25 August 2022,Imagine Marketing Ltd,Imagine Marketing Ltd,7 x 5 x 2 Centimeters,1 Piece,True Wireless Earbuds,
boAt Bassheads 242 in Ear Wired Earphones with Mic(Active Black),163179.0,599.0,B07S9S86BF,"163,179 ratings
4.1 out of 5 stars","#54 in Electronics (See Top 100 in Electronics)
#13 in Mobile Accessories
#21 in In-Ear Headphones",27 May 2019,Imagine Marketing Ltd,"Imagine Marketing Pvt Ltd., 255, Guru Gobind Industrial Estate, Jay Coach, Goregaon East, Mumbai, Maharashtra- 400063",120 x 1 x 1 Centimeters,1 Piece,Headphones,
boAt Bassheads 100 in Ear Wired Earphones with Mic(Furious Red),366529.0,399.0,B07GQD4K6L,"366,529 ratings
4.1 out of 5 stars","#136 in Electronics (See Top 100 in Electronics)
#32 in Mobile Accessories
#44 in In-Ear Headphones",21 August 2018,Imagine Marketing Ltd,"Imagine Marketing Pvt Ltd., 255, Guru Gobind Industrial Estate, Jay Coach, Goregaon East, Mumbai, Maharashtra- 400063",120 x 1 x 1 Centimeters,1 Piece,Headphones,
boAt Bassheads 100 Wired in Ear Earphones with Mic (Mint Green),366529.0,399.0,B08MD255XB,"366,529 ratings
4.1 out of 5 stars","#230 in Electronics (See Top 100 in Electronics)
#72 in In-Ear Headphones",1 November 2020,Imagine Marketing Ltd,"Imagine Marketing Pvt Ltd., 255, Guru Gobind Industrial Estate, Jay Coach, Goregaon East, Mumbai, Maharashtra- 400063",120 x 1 x 1 Centimeters,1 Piece,Headphones,
"boAt Airdopes 141 Pro True Wireless in Ear Earbuds with 45H Playtime, Quad Mics Enx Tech, 12mm Drivers, ASAP Charge, Beast Mode for Gaming & BT v5.3(Siberian White)",45.0,1499.0,B0B7J5ZTXD,"45 ratings
2.9 out of 5 stars","#930 in Electronics (See Top 100 in Electronics)
#213 in In-Ear Headphones",25 July 2022,Imagine Marketing Ltd,Imagine Marketing Ltd,40 x 30 x 20 Millimeters,1 Piece,True Wireless Earbuds,
"Amazon Basics in-Ear Bluetooth 5.0 Neckband with Up to 30 Hours Playtime, with Mic, Magnetic Earbuds, Voice Assistant, Dual Pairing and IPX6 Rated, Blue",5143.0,649.0,B0B8Z498WQ,"5,143 ratings
3.6 out of 5 stars","#598 in Electronics (See Top 100 in Electronics)
#158 in In-Ear Headphones",20 September 2022,"XOR Technologies LLP. A-40, Mayapuri Industrial Area, Phase-1, Delhi-110064",,19.5 x 14 x 3 Centimeters,1 Count,BT Neckband,
boAt Bassheads 100 in Ear Wired Earphones with Mic(Taffy Pink),366529.0,399.0,B07GPXXNNG,"366,529 ratings
4.1 out of 5 stars","#94 in Electronics (See Top 100 in Electronics)
#23 in Mobile Accessories
#31 in In-Ear Headphones",21 August 2018,Imagine Marketing Ltd,"Imagine Marketing Pvt Ltd., 255, Guru Gobind Industrial Estate, Jay Coach, Goregaon East, Mumbai, Maharashtra- 400063",120 x 1 x 1 Centimeters,1 Piece,Headphones,
"boAt Newly Launched Wave Style Call with Advanced Dedicated Bluetooth Calling Chip, 600+ Watch Faces, 1.69"" HD Display, Health Ecosystem, Live Cricket Scores, Quick Replies, HR & SpO2(Active Black)",150.0,1899.0,B0BRL3C7HL,"150 ratings
3.8 out of 5 stars","#10 in Watches (See Top 100 in Watches)
#3 in Women's Fashion Smartwatches
#7 in Men's Fashion Smartwatches",13 January 2023,Imagine Marketing Ltd,,26 x 5 x 1 Centimeters,1 Piece,Smart Watch,
"boAt Rockerz 450 Bluetooth On Ear Headphones with Mic, Upto 15 Hours Playback, 40MM Drivers, Padded Ear Cushions, Integrated Controls and Dual Modes(Luscious Black)",108900.0,1399.0,B07PR1CL3S,"108,900 ratings
4.1 out of 5 stars","#46 in Electronics (See Top 100 in Electronics)
#1 in On-Ear Headphones",15 March 2019,Imagine Marketing Ltd,"Imagine Marketing Pvt Ltd., 255, Guru Gobind Industrial Estate, Jay Coach, Goregaon East, Mumbai, Maharashtra- 400063",8 x 18.2 x 17.6 Centimeters,1 Piece,Headphones,
"boAt Rockerz 550 Bluetooth Wireless Over Ear Headphones with Upto 20 Hours Playback, 50MM Drivers, Soft Padded Ear Cushions and Physical Noise Isolation with Mic (Black Symphony)",56010.0,1799.0,B08R7M1JM5,"56,010 ratings
4.1 out of 5 stars","#167 in Electronics (See Top 100 in Electronics)
#1 in Over-Ear Headphones",23 December 2020,Imagine Marketing Ltd,"Imagine Marketing Pvt Ltd., 255, Guru Gobind Industrial Estate, Jay Coach, Goregaon East, Mumbai, Maharashtra- 400063",8.6 x 19.1 x 16.2 Centimeters,1 Piece,Headphones,
boAt Bassheads 152 in Ear Wired Earphones with Mic(Active Black),92550.0,499.0,B07KY3FNQP,"92,550 ratings
4.1 out of 5 stars","#297 in Electronics (See Top 100 in Electronics)
#86 in In-Ear Headphones",28 November 2018,Imagine Marketing Ltd,"Imagine Marketing Pvt Ltd., 255, Guru Gobind Industrial Estate, Jay Coach, Goregaon East, Mumbai, Maharashtra- 400063",120 x 1 x 1 Centimeters,1 Piece,Headphones,
boAt Bassheads 102 in Ear Wired Earphones with Mic(Jazzy Blue),76565.0,449.0,B07S6NT9V7,"76,565 ratings
4.2 out of 5 stars","#892 in Electronics (See Top 100 in Electronics)
#208 in In-Ear Headphones",27 May 2019,Imagine Marketing Ltd,"Imagine Marketing Pvt Ltd., 255, Guru Gobind Industrial Estate, Jay Coach, Goregaon East, Mumbai, Maharashtra- 400063",120 x 1 x 1 Centimeters,1 Piece,Headphones,
boAt Bassheads 225 in Ear Wired Earphones with Mic(Blue),274625.0,699.0,B01MF8MB65,"274,625 ratings
4.1 out of 5 stars","#725 in Electronics (See Top 100 in Electronics)
#177 in In-Ear Headphones",29 September 2021,Imagine Marketing Ltd,"Imagine Marketing Pvt Ltd., 255, Guru Gobind Industrial Estate, Jay Coach, Goregaon East, Mumbai, Maharashtra- 400063",120 x 1 x 1 Centimeters,1 Piece,Headphones,
boAt Bassheads 152 in Ear Wired Earphones with Mic(Jazzy Blue),92550.0,499.0,B07KY3K2YG,"92,550 ratings
4.1 out of 5 stars","#80 in Electronics (See Top 100 in Electronics)
#28 in In-Ear Headphones",28 November 2018,Imagine Marketing Ltd,"Imagine Marketing Pvt Ltd., 255, Guru Gobind Industrial Estate, Jay Coach, Goregaon East, Mumbai, Maharashtra- 400063",120 x 1 x 1 Centimeters,1 Piece,Headphones,
boAt BassHeads 100 in-Ear Wired Headphones with Mic (Black),366529.0,399.0,B071Z8M4KX,"366,529 ratings
4.1 out of 5 stars","#10 in Electronics (See Top 100 in Electronics)
#5 in In-Ear Headphones",16 May 2017,Imagine Marketing Ltd,"Imagine Marketing Pvt Ltd., 255, Guru Gobind Industrial Estate, Jay Coach, Goregaon East, Mumbai, Maharashtra- 400063",120 x 1 x 1 Centimeters,1 Piece,Headphones,
"boAt Rockerz 450 Bluetooth On Ear Headphones with Mic, Upto 15 Hours Playback, 40MM Drivers, Padded Ear Cushions, Integrated Controls and Dual Modes(Luscious Black)",108900.0,1399.0,B07PR1CL3S,"108,900 ratings
4.1 out of 5 stars","#46 in Electronics (See Top 100 in Electronics)
#1 in On-Ear Headphones",15 March 2019,Imagine Marketing Ltd,"Imagine Marketing Pvt Ltd., 255, Guru Gobind Industrial Estate, Jay Coach, Goregaon East, Mumbai, Maharashtra- 400063",8 x 18.2 x 17.6 Centimeters,1 Piece,Headphones,
"boAt Rockerz 370 On Ear Bluetooth Headphones with Upto 12 Hours Playtime, Cozy Padded Earcups and Bluetooth v5.0, with Mic (Buoyant Black)",34245.0,999.0,B0856HNMR7,"34,245 ratings
4.0 out of 5 stars","#256 in Electronics (See Top 100 in Electronics)
#4 in On-Ear Headphones",26 February 2020,Imagine Marketing Ltd,"Imagine Marketing Pvt Ltd., 255, Guru Gobind Industrial Estate, Jay Coach, Goregaon East, Mumbai, Maharashtra- 400063",7 x 18 x 16 Centimeters,1 Piece,Headphones,
boAt Bassheads 152 in Ear Wired Earphones with Mic(Jazzy Blue),92550.0,499.0,B07KY3K2YG,"92,550 ratings
4.1 out of 5 stars","#80 in Electronics (See Top 100 in Electronics)
#28 in In-Ear Headphones",28 November 2018,Imagine Marketing Ltd,"Imagine Marketing Pvt Ltd., 255, Guru Gobind Industrial Estate, Jay Coach, Goregaon East, Mumbai, Maharashtra- 400063",120 x 1 x 1 Centimeters,1 Piece,Headphones,
"Amazon Basics in-Ear Bluetooth 5.0 Neckband with Up to 30 Hours Playtime, with Mic, Magnetic Earbuds, Voice Assistant, Dual Pairing and IPX6 Rated, Blue",5143.0,649.0,B0B8Z498WQ,"5,143 ratings
3.6 out of 5 stars","#598 in Electronics (See Top 100 in Electronics)
#158 in In-Ear Headphones",20 September 2022,"XOR Technologies LLP. A-40, Mayapuri Industrial Area, Phase-1, Delhi-110064",,19.5 x 14 x 3 Centimeters,1 Count,BT Neckband,
"boAt Wave Electra with 1.81"" HD Display, Smart Calling with Ultra-Seamless BT Calling Chip,20 Built-in Watch Faces,100 + Sports Modes,Menu Personalization,in-Built Games(Charcoal Black)",599.0,1999.0,B0BNV7JM5Y,"599 ratings
3.7 out of 5 stars","#165 in Electronics (See Top 100 in Electronics)
#20 in Smart Watches",24 December 2022,Imagine Marketing Ltd,,26 x 4 x 1 Centimeters,1 Piece,Smart Watch,
"boAt Airdopes 141 Pro True Wireless in Ear Earbuds with 45H Playtime, Quad Mics Enx Tech, 12mm Drivers, ASAP Charge, Beast Mode for Gaming & BT v5.3(Siberian White)",45.0,1499.0,B0B7J5ZTXD,"45 ratings
2.9 out of 5 stars","#930 in Electronics (See Top 100 in Electronics)
#213 in In-Ear Headphones",25 July 2022,Imagine Marketing Ltd,Imagine Marketing Ltd,40 x 30 x 20 Millimeters,1 Piece,True Wireless Earbuds,
boAt Bassheads 220 Wired in Ear Earphones(Black Indi),48.0,499.0,B0BRXY7FQB,"48 ratings
3.4 out of 5 stars","#106 in Electronics (See Top 100 in Electronics)
#34 in In-Ear Headphones",9 January 2023,Imagine Marketing Ltd,,120 x 2 x 2 Centimeters,1 Piece,Wired Earphones,
boAt Bassheads 220 Wired in Ear Earphones(Black Indi),48.0,499.0,B0BRXY7FQB,"48 ratings
3.4 out of 5 stars","#106 in Electronics (See Top 100 in Electronics)
#34 in In-Ear Headphones",9 January 2023,Imagine Marketing Ltd,,120 x 2 x 2 Centimeters,1 Piece,Wired Earphones,
"boAt Airdopes 172 True Wireless in Ear Earbuds with Enx Tech, Beast Mode, 35H Playtime, 11mm Drivers, ASAP Charge, IPX4, IWP, Touch Controls(Stunning Black)",48039.0,1299.0,B0BNPTJ7T2,"48,039 ratings
3.9 out of 5 stars","#492 in Electronics (See Top 100 in Electronics)
#137 in In-Ear Headphones",17 December 2022,Imagine Marketing Ltd,Imagine Marketing Ltd,6.1 x 2.6 x 4.3 Centimeters,1 Piece,True Wireless Earbuds,
"boAt Rockerz 103 Pro Bluetooth in Ear Neckband with Beast Mode(40ms Low Latency), ENx Tech, ASAP Charge(Fast Charge), Upto 20HRS Playback, Signature Sound, BT v5.3 & IPX4(Active Black)",66.0,1199.0,B0BR5CMNNT,"66 ratings
2.7 out of 5 stars","#125 in Electronics (See Top 100 in Electronics)
#42 in In-Ear Headphones",27 December 2022,Imagine Marketing Ltd,Imagine Marketing Ltd,45 x 2 x 2 Centimeters,1 Piece,Bluetooth Neckband,
"boAt Rockerz 550 Bluetooth Wireless Over Ear Headphones with Upto 20 Hours Playback, 50MM Drivers, Soft Padded Ear Cushions and Physical Noise Isolation with Mic (Black Symphony)",56010.0,1799.0,B08R7M1JM5,"56,010 ratings
4.1 out of 5 stars","#167 in Electronics (See Top 100 in Electronics)
#1 in Over-Ear Headphones",23 December 2020,Imagine Marketing Ltd,"Imagine Marketing Pvt Ltd., 255, Guru Gobind Industrial Estate, Jay Coach, Goregaon East, Mumbai, Maharashtra- 400063",8.6 x 19.1 x 16.2 Centimeters,1 Piece,Headphones,
boAt Bassheads 100 in Ear Wired Earphones with Mic(Taffy Pink),366529.0,399.0,B07GPXXNNG,"366,529 ratings
4.1 out of 5 stars","#94 in Electronics (See Top 100 in Electronics)
#23 in Mobile Accessories
#31 in In-Ear Headphones",21 August 2018,Imagine Marketing Ltd,"Imagine Marketing Pvt Ltd., 255, Guru Gobind Industrial Estate, Jay Coach, Goregaon East, Mumbai, Maharashtra- 400063",120 x 1 x 1 Centimeters,1 Piece,Headphones,
"boAt Rockerz 103 Pro Bluetooth in Ear Neckband with Beast Mode(40ms Low Latency), ENx Tech, ASAP Charge(Fast Charge), Upto 20HRS Playback, Signature Sound, BT v5.3 & IPX4(Active Black)",66.0,1199.0,B0BR5CMNNT,"66 ratings
2.7 out of 5 stars","#125 in Electronics (See Top 100 in Electronics)
#42 in In-Ear Headphones",27 December 2022,Imagine Marketing Ltd,Imagine Marketing Ltd,45 x 2 x 2 Centimeters,1 Piece,Bluetooth Neckband,
"boAt Rockerz 255 Pro+ in-Ear Bluetooth Neckband with Upto 40 Hours Playback, ASAP Charge, IPX7, Dual Pairing, BT v5.0, with Mic (Active Black)",145205.0,1299.0,B08TV2P1N8,"145,205 ratings
4.1 out of 5 stars","#16 in Electronics (See Top 100 in Electronics)
#8 in In-Ear Headphones",23 January 2021,Imagine Marketing Ltd,"Imagine Marketing Pvt Ltd., 255, Guru Gobind Industrial Estate, Jay Coach, Goregaon East, Mumbai, Maharashtra- 400063",10 x 10 x 450 Millimeters,1 Piece,Headphones,
"boAt Newly Launched Rockerz 378 Bluetooth Neckband with Spatial Bionic Sound Tuned by THX, Beast™ Mode, ASAP™ Charge, Signature Sound, 25 Hours Playtime & BT v5.1(Active Black)",35.0,1299.0,B0BNHYRZN5,"35 ratings
4.3 out of 5 stars","#872 in Electronics (See Top 100 in Electronics)
#206 in In-Ear Headphones",26 January 2023,Imagine Marketing Ltd,Imagine Marketing Ltd,17.7 x 4.4 x 1.6 Centimeters,1 Piece,Bluetooth Neckband,
boAt Bassheads 242 in Ear Wired Earphones with Mic(Active Black),163179.0,599.0,B07S9S86BF,"163,179 ratings
4.1 out of 5 stars","#54 in Electronics (See Top 100 in Electronics)
#13 in Mobile Accessories
#21 in In-Ear Headphones",27 May 2019,Imagine Marketing Ltd,"Imagine Marketing Pvt Ltd., 255, Guru Gobind Industrial Estate, Jay Coach, Goregaon East, Mumbai, Maharashtra- 400063",120 x 1 x 1 Centimeters,1 Piece,Headphones,
boAt Bassheads 220 Wired in Ear Earphones(Black Indi),48.0,499.0,B0BRXY7FQB,"48 ratings
3.4 out of 5 stars","#106 in Electronics (See Top 100 in Electronics)
#34 in In-Ear Headphones",9 January 2023,Imagine Marketing Ltd,,120 x 2 x 2 Centimeters,1 Piece,Wired Earphones,
"boAt Newly Launched Wave Style Call with Advanced Dedicated Bluetooth Calling Chip, 600+ Watch Faces, 1.69"" HD Display, Health Ecosystem, Live Cricket Scores, Quick Replies, HR & SpO2(Active Black)",150.0,1899.0,B0BRL3C7HL,"150 ratings
3.8 out of 5 stars","#10 in Watches (See Top 100 in Watches)
#3 in Women's Fashion Smartwatches
#7 in Men's Fashion Smartwatches",13 January 2023,Imagine Marketing Ltd,,26 x 5 x 1 Centimeters,1 Piece,Smart Watch,
"boAt Rockerz 450 Bluetooth On Ear Headphones with Mic, Upto 15 Hours Playback, 40MM Drivers, Padded Ear Cushions, Integrated Controls and Dual Modes(Aqua Blue)",108900.0,1399.0,B08667772G,"108,900 ratings
4.1 out of 5 stars","#188 in Electronics (See Top 100 in Electronics)
#2 in On-Ear Headphones",20 March 2020,Imagine Marketing Ltd,"Imagine Marketing Pvt Ltd., 255, Guru Gobind Industrial Estate, Jay Coach, Goregaon East, Mumbai, Maharashtra- 400063",8 x 18.2 x 17.6 Centimeters,1 Piece,Headphones,
"boAt Rockerz 450 Bluetooth On Ear Headphones with Mic, Upto 15 Hours Playback, 40MM Drivers, Padded Ear Cushions, Integrated Controls and Dual Modes(Luscious Black)",108900.0,1399.0,B07PR1CL3S,"108,900 ratings
4.1 out of 5 stars","#46 in Electronics (See Top 100 in Electronics)
#1 in On-Ear Headphones",15 March 2019,Imagine Marketing Ltd,"Imagine Marketing Pvt Ltd., 255, Guru Gobind Industrial Estate, Jay Coach, Goregaon East, Mumbai, Maharashtra- 400063",8 x 18.2 x 17.6 Centimeters,1 Piece,Headphones,
"boAt Rockerz 255 Pro+ in-Ear Bluetooth Neckband with Upto 40 Hours Playback, ASAP Charge, IPX7, Dual Pairing, BT v5.0, with Mic (Active Black)",145205.0,1299.0,B08TV2P1N8,"145,205 ratings
4.1 out of 5 stars","#16 in Electronics (See Top 100 in Electronics)
#8 in In-Ear Headphones",23 January 2021,Imagine Marketing Ltd,"Imagine Marketing Pvt Ltd., 255, Guru Gobind Industrial Estate, Jay Coach, Goregaon East, Mumbai, Maharashtra- 400063",10 x 10 x 450 Millimeters,1 Piece,Headphones,
"boAt Airdopes 172 True Wireless in Ear Earbuds with Enx Tech, Beast Mode, 35H Playtime, 11mm Drivers, ASAP Charge, IPX4, IWP, Touch Controls(Stunning Black)",48039.0,1299.0,B0BNPTJ7T2,"48,039 ratings
3.9 out of 5 stars","#492 in Electronics (See Top 100 in Electronics)
#137 in In-Ear Headphones",17 December 2022,Imagine Marketing Ltd,Imagine Marketing Ltd,6.1 x 2.6 x 4.3 Centimeters,1 Piece,True Wireless Earbuds,
boAt Bassheads 102 in Ear Wired Earphones with Mic(Jazzy Blue),76565.0,449.0,B07S6NT9V7,"76,565 ratings
4.2 out of 5 stars","#892 in Electronics (See Top 100 in Electronics)
#208 in In-Ear Headphones",27 May 2019,Imagine Marketing Ltd,"Imagine Marketing Pvt Ltd., 255, Guru Gobind Industrial Estate, Jay Coach, Goregaon East, Mumbai, Maharashtra- 400063",120 x 1 x 1 Centimeters,1 Piece,Headphones,
boAt Bassheads 100 in Ear Wired Earphones with Mic(Furious Red),366529.0,399.0,B07GQD4K6L,"366,529 ratings
4.1 out of 5 stars","#136 in Electronics (See Top 100 in Electronics)
#32 in Mobile Accessories
#44 in In-Ear Headphones",21 August 2018,Imagine Marketing Ltd,"Imagine Marketing Pvt Ltd., 255, Guru Gobind Industrial Estate, Jay Coach, Goregaon East, Mumbai, Maharashtra- 400063",120 x 1 x 1 Centimeters,1 Piece,Headphones,
"boAt Rockerz 255 Pro+ in-Ear Bluetooth Neckband with Upto 40 Hours Playback, ASAP Charge, IPX7, Dual Pairing, BT v5.0, with Mic (Teal Green)",145205.0,1299.0,B08TSSCZR8,"145,205 ratings
4.1 out of 5 stars","#31 in Electronics (See Top 100 in Electronics)
#14 in In-Ear Headphones",23 January 2021,Imagine Marketing Ltd,"Imagine Marketing Pvt Ltd., 255, Guru Gobind Industrial Estate, Jay Coach, Goregaon East, Mumbai, Maharashtra- 400063",10 x 10 x 450 Millimeters,1 Piece,Headphones,
"boAt Newly Launched Rockerz 378 Bluetooth Neckband with Spatial Bionic Sound Tuned by THX, Beast™ Mode, ASAP™ Charge, Signature Sound, 25 Hours Playtime & BT v5.1(Active Black)",35.0,1299.0,B0BNHYRZN5,"35 ratings
4.3 out of 5 stars","#872 in Electronics (See Top 100 in Electronics)
#206 in In-Ear Headphones",26 January 2023,Imagine Marketing Ltd,Imagine Marketing Ltd,17.7 x 4.4 x 1.6 Centimeters,1 Piece,Bluetooth Neckband,
boAt Bassheads 220 Wired in Ear Earphones(Black Indi),48.0,499.0,B0BRXY7FQB,"48 ratings
3.4 out of 5 stars","#106 in Electronics (See Top 100 in Electronics)
#34 in In-Ear Headphones",9 January 2023,Imagine Marketing Ltd,,120 x 2 x 2 Centimeters,1 Piece,Wired Earphones,
boAt BassHeads 100 in-Ear Wired Headphones with Mic (Black),366529.0,399.0,B071Z8M4KX,"366,529 ratings
4.1 out of 5 stars","#10 in Electronics (See Top 100 in Electronics)
#5 in In-Ear Headphones",16 May 2017,Imagine Marketing Ltd,"Imagine Marketing Pvt Ltd., 255, Guru Gobind Industrial Estate, Jay Coach, Goregaon East, Mumbai, Maharashtra- 400063",120 x 1 x 1 Centimeters,1 Piece,Headphones,
"boAt Airdopes 190 True Wireless in Ear Earbuds with Beast Mode(50ms) for Gaming, 40H Playtime, Breathing LEDs, Signature Sound, Quad Mics Enx Tech, ASAP Charge & BT v5.3(Black Sabre)",2899.0,1599.0,B0BBTYDK6Y,"2,899 ratings
3.8 out of 5 stars","#137 in Electronics (See Top 100 in Electronics)
#45 in In-Ear Headphones",25 August 2022,Imagine Marketing Ltd,Imagine Marketing Ltd,7 x 5 x 2 Centimeters,1 Piece,True Wireless Earbuds,
"boAt Newly Launched Wave Edge with 1.85"" HD Display, Advanced Bluetooth Calling Chip, Functional Crown, 100+ Sports Modes,Widget Control,AI Voice Assistance,Inbuilt Games, IP68(Active Black)",239.0,2499.0,B0BQYQ8PB6,"239 ratings
3.8 out of 5 stars","#447 in Electronics (See Top 100 in Electronics)
#39 in Smart Watches",7 January 2023,Imagine Marketing Ltd,Imagine Marketing Ltd,26 x 4 x 1 Centimeters,1 Piece,Smart Watch,
"boAt Rockerz 255 Pro+ in-Ear Bluetooth Neckband with Upto 40 Hours Playback, ASAP Charge, IPX7, Dual Pairing, BT v5.0, with Mic (Teal Green)",145205.0,1299.0,B08TSSCZR8,"145,205 ratings
4.1 out of 5 stars","#31 in Electronics (See Top 100 in Electronics)
#14 in In-Ear Headphones",23 January 2021,Imagine Marketing Ltd,"Imagine Marketing Pvt Ltd., 255, Guru Gobind Industrial Estate, Jay Coach, Goregaon East, Mumbai, Maharashtra- 400063",10 x 10 x 450 Millimeters,1 Piece,Headphones,
boAt Bassheads 225 in Ear Wired Earphones with Mic(Blue),274625.0,699.0,B01MF8MB65,"274,625 ratings
4.1 out of 5 stars","#725 in Electronics (See Top 100 in Electronics)
#177 in In-Ear Headphones",29 September 2021,Imagine Marketing Ltd,"Imagine Marketing Pvt Ltd., 255, Guru Gobind Industrial Estate, Jay Coach, Goregaon East, Mumbai, Maharashtra- 400063",120 x 1 x 1 Centimeters,1 Piece,Headphones,
"boAt Wave Electra with 1.81"" HD Display, Smart Calling with Ultra-Seamless BT Calling Chip,20 Built-in Watch Faces,100 + Sports Modes,Menu Personalization,in-Built Games(Charcoal Black)",599.0,1999.0,B0BNV7JM5Y,"599 ratings
3.7 out of 5 stars","#165 in Electronics (See Top 100 in Electronics)
#20 in Smart Watches",24 December 2022,Imagine Marketing Ltd,,26 x 4 x 1 Centimeters,1 Piece,Smart Watch,
"boAt Rockerz 245 pro Bluetooth in Ear Neckband with Beast Mode(Super Low Latency) for Gaming, ENx Tech for Clear Calls, ASAP Charge, 20HRS Playtime, IPX4, Dual Pairing & BT v5.3(Blue Bliss)",87952.0,1299.0,B0BBVQYCGT,"87,952 ratings
3.9 out of 5 stars","#584 in Electronics (See Top 100 in Electronics)
#153 in In-Ear Headphones",25 August 2022,Imagine Marketing Ltd,Imagine Marketing Ltd,45 x 2 x 2 Centimeters,1 Piece,Bluetooth Neckband,
"GOVO GOKIXX 621 Bluetooth Neckband, 22 Hours Battery, ENC Technology, Fast Charge, Smart Magnetic Buds, Gaming Mode, 10mm Drivers, Type C Charging, Wireless in Ear Earphone (Platinum Black)",1616.0,999.0,B0BCG6L6FS,"1,616 ratings
4.3 out of 5 stars","#1,595 in Electronics (See Top 100 in Electronics)
#312 in In-Ear Headphones",19 September 2022,"DPAC Ventures LLP, 84, Adarsh Palm Retreat, Devarabisanahalli, Marathalli, Outer Ring Road, Near Intel, Bengaluru, Karnataka, India, 560103","DPAC Ventures LLP, 84, Adarsh Palm Retreat, Devarabisanahalli, Marathalli, Outer Ring Road, Near Intel, Bengaluru, Karnataka, India, 560103",12.5 x 11.5 x 2.1 Centimeters,1 Count,Wireless Neckband,"GOVO, DAPC Ventures LLP"
"boAt Newly Launched Wave Edge with 1.85"" HD Display, Advanced Bluetooth Calling Chip, Functional Crown, 100+ Sports Modes,Widget Control,AI Voice Assistance,Inbuilt Games, IP68(Active Black)",239.0,2499.0,B0BQYQ8PB6,"239 ratings
3.8 out of 5 stars","#447 in Electronics (See Top 100 in Electronics)
#39 in Smart Watches",7 January 2023,Imagine Marketing Ltd,Imagine Marketing Ltd,26 x 4 x 1 Centimeters,1 Piece,Smart Watch,
boAt Bassheads 152 in Ear Wired Earphones with Mic(Active Black),92550.0,499.0,B07KY3FNQP,"92,550 ratings
4.1 out of 5 stars","#297 in Electronics (See Top 100 in Electronics)
#86 in In-Ear Headphones",28 November 2018,Imagine Marketing Ltd,"Imagine Marketing Pvt Ltd., 255, Guru Gobind Industrial Estate, Jay Coach, Goregaon East, Mumbai, Maharashtra- 400063",120 x 1 x 1 Centimeters,1 Piece,Headphones,
"Boult Audio Newly Launched Charge with 12H Playtime,20mins=100% Charge Type-C Fast Lightning Charging,Pro+ Calling HD Mic,10mm Rich Bass Drivers,IPX5,Bluetooth Wireless Earphones Neckband Probass-Blue",642.0,799.0,B0BJ7G2B4H,"642 ratings
3.6 out of 5 stars","#1,301 in Electronics (See Top 100 in Electronics)
#260 in In-Ear Headphones",17 October 2022,"Exotic Mile Pvt. Ltd. , B67 Wazirpur Industrial Area , New Delhi 110052","Exotic Mile Pvt. Ltd. , B67 Wazirpur Industrial Area , New Delhi 110052",17 x 2.5 x 9 Centimeters,1 Piece,Bluetooth Neckband,
"boAt Rockerz 370 On Ear Bluetooth Headphones with Upto 12 Hours Playtime, Cozy Padded Earcups and Bluetooth v5.0, with Mic (Buoyant Black)",34245.0,999.0,B0856HNMR7,"34,245 ratings
4.0 out of 5 stars","#256 in Electronics (See Top 100 in Electronics)
#4 in On-Ear Headphones",26 February 2020,Imagine Marketing Ltd,"Imagine Marketing Pvt Ltd., 255, Guru Gobind Industrial Estate, Jay Coach, Goregaon East, Mumbai, Maharashtra- 400063",7 x 18 x 16 Centimeters,1 Piece,Headphones,
"Boult Audio Newly Launched Charge with 12H Playtime,20mins=100% Charge Type-C Fast Lightning Charging,Pro+ Calling HD Mic,10mm Rich Bass Drivers,IPX5,Bluetooth Wireless Earphones Neckband Probass-Blue",642.0,799.0,B0BJ7G2B4H,"642 ratings
3.6 out of 5 stars","#1,301 in Electronics (See Top 100 in Electronics)
#260 in In-Ear Headphones",17 October 2022,"Exotic Mile Pvt. Ltd. , B67 Wazirpur Industrial Area , New Delhi 110052","Exotic Mile Pvt. Ltd. , B67 Wazirpur Industrial Area , New Delhi 110052",17 x 2.5 x 9 Centimeters,1 Piece,Bluetooth Neckband,
boAt Bassheads 100 Wired in Ear Earphones with Mic (Mint Green),366529.0,399.0,B08MD255XB,"366,529 ratings
4.1 out of 5 stars","#230 in Electronics (See Top 100 in Electronics)
#72 in In-Ear Headphones",1 November 2020,Imagine Marketing Ltd,"Imagine Marketing Pvt Ltd., 255, Guru Gobind Industrial Estate, Jay Coach, Goregaon East, Mumbai, Maharashtra- 400063",120 x 1 x 1 Centimeters,1 Piece,Headphones,
"Boult Audio Powerbuds True Wireless in Ear Earbuds with 120H Playtime, in-Built Powerbank, Type-C Fast Charging, Made in India, Pro+ Calling HD Mic, IPX7 Waterproof, Bluetooth Ear Buds TWS (Black)",28878.0,1499.0,B08D11DZ2W,"28,878 ratings
3.7 out of 5 stars","#286 in Electronics (See Top 100 in Electronics)
#84 in In-Ear Headphones",5 August 2020,"9555602502, Exotic Mile Private Limited, B-67 Wazirpur Industrial Area, Delhi - 110052.","Exotic Mile Private Limited, B-67 Wazirpur Industrial Area, Delhi - 110052.",9.6 x 8.5 x 3.5 Centimeters,1 U,True Wireless Earbuds,
"boAt Rockerz 450 Bluetooth On Ear Headphones with Mic, Upto 15 Hours Playback, 40MM Drivers, Padded Ear Cushions, Integrated Controls and Dual Modes(Aqua Blue)",108900.0,1399.0,B08667772G,"108,900 ratings
4.1 out of 5 stars","#188 in Electronics (See Top 100 in Electronics)
#2 in On-Ear Headphones",20 March 2020,Imagine Marketing Ltd,"Imagine Marketing Pvt Ltd., 255, Guru Gobind Industrial Estate, Jay Coach, Goregaon East, Mumbai, Maharashtra- 400063",8 x 18.2 x 17.6 Centimeters,1 Piece,Headphones,
"boAt Rockerz 450 Bluetooth On Ear Headphones with Mic, Upto 15 Hours Playback, 40MM Drivers, Padded Ear Cushions, Integrated Controls and Dual Modes(Luscious Black)",108900.0,1399.0,B07PR1CL3S,"108,900 ratings
4.1 out of 5 stars","#46 in Electronics (See Top 100 in Electronics)
#1 in On-Ear Headphones",15 March 2019,Imagine Marketing Ltd,"Imagine Marketing Pvt Ltd., 255, Guru Gobind Industrial Estate, Jay Coach, Goregaon East, Mumbai, Maharashtra- 400063",8 x 18.2 x 17.6 Centimeters,1 Piece,Headphones,
"boAt Rockerz 103 Pro Bluetooth in Ear Neckband with Beast Mode(40ms Low Latency), ENx Tech, ASAP Charge(Fast Charge), Upto 20HRS Playback, Signature Sound, BT v5.3 & IPX4(Active Black)",66.0,1199.0,B0BR5CMNNT,"66 ratings
2.7 out of 5 stars","#125 in Electronics (See Top 100 in Electronics)
#42 in In-Ear Headphones",27 December 2022,Imagine Marketing Ltd,Imagine Marketing Ltd,45 x 2 x 2 Centimeters,1 Piece,Bluetooth Neckband,
"boAt Rockerz 103 Pro Bluetooth in Ear Neckband with Beast Mode(40ms Low Latency), ENx Tech, ASAP Charge(Fast Charge), Upto 20HRS Playback, Signature Sound, BT v5.3 & IPX4(Active Black)",66.0,1199.0,B0BR5CMNNT,"66 ratings
2.7 out of 5 stars","#125 in Electronics (See Top 100 in Electronics)
#42 in In-Ear Headphones",27 December 2022,Imagine Marketing Ltd,Imagine Marketing Ltd,45 x 2 x 2 Centimeters,1 Piece,Bluetooth Neckband,
"truke Air Buds Lite True Wireless in Ear Earbuds with 48 Hours Playtime, Gaming Mode, Enviornomental Noise Cancellation (ENC), Auto Play/Pause, AAC Codec, Bluetooth 5.1, IPX4 (Black)",1414.0,999.0,B09MWMT4V5,"1,414 ratings
3.9 out of 5 stars","#1,242 in Electronics (See Top 100 in Electronics)
#256 in In-Ear Headphones",2 December 2021,"205, Xingye 2nd Road, Fenghuang Village, Fuyong Town, Bao,an District, Shenzhen, China",Eccentric Enterprises Private Limited,6.3 x 2.6 x 4.7 Centimeters,1 Count,Wireless Bluetooth Earphones (True Wireless Earbuds),"truke, truke"
"boAt Rockerz 450 Bluetooth On Ear Headphones with Mic, Upto 15 Hours Playback, 40MM Drivers, Padded Ear Cushions, Integrated Controls and Dual Modes(Hazel Beige)",108900.0,1399.0,B086671ZSR,"108,900 ratings
4.1 out of 5 stars","#625 in Electronics (See Top 100 in Electronics)
#14 in On-Ear Headphones",20 March 2020,Imagine Marketing Ltd,"Imagine Marketing Pvt Ltd., 255, Guru Gobind Industrial Estate, Jay Coach, Goregaon East, Mumbai, Maharashtra- 400063",8 x 18.2 x 17.6 Centimeters,1 Piece,Headphones,
"truke BTG Beta True Wireless in Ear Earbuds with 13mm Big Speaker Drivers, 38H Playtime, Fast Charging, True Gaming Mode, Instant Pairing, AAC Codec, Dual-Mic ENC, Bluetooth 5.3, IPX4 (Black)",312.0,1099.0,B0B3MZV2XJ,"312 ratings
4.4 out of 5 stars","#796 in Electronics (See Top 100 in Electronics)
#187 in In-Ear Headphones",7 January 2023,"Shenzhen Longfuxiang Technology Co., Ltd., 205, Xingye 2nd Road, Fenghuang Village, Fuyong Town, Bao,an District, Shenzhen, China","Eccentric Enterprises Private Limited. 1st Floor, UNIT NO 137, Building No 1 Edison Tesla Industrial Park, Raheja Plot No Gen -2/1 Industrial Area, MIDC Thane Juinagar Navi Mumbai, Thane, Maharashtra, 400705. Contact: +91 93541 70767, support@eccentricindia.com",5.2 x 5.9 x 2.5 Centimeters,1 Count,Wireless Bluetooth Earphone (True Wireless),"truke, Shenzhen Longfuxiang Technology Co., Ltd., 205, Xingye 2nd Road, Fenghuang Village, Fuyong Town, Bao,an District, Shenzhen, China"
"boAt Airdopes 172 True Wireless in Ear Earbuds with ENx™ Tech, Beast Mode, 35H Playtime, 11mm Drivers, ASAP™ Charge, IPX4, IWP™, Touch Controls(Bold Blue)",48039.0,1264.0,B0BNPSTPP1,"48,039 ratings
3.9 out of 5 stars","#1,577 in Electronics (See Top 100 in Electronics)
#307 in In-Ear Headphones",17 December 2022,Imagine Marketing Ltd,Imagine Marketing Ltd,6.1 x 2.6 x 4.3 Centimeters,1 Piece,True Wireless Earbuds,
"boAt Rockerz 550 Over Ear Bluetooth Headphones with Upto 20 Hours Playback, 50MM Drivers, Soft Padded Ear Cushions and Physical Noise Isolation, Without Mic (Black)",56010.0,1999.0,B0856HY85J,"56,010 ratings
4.1 out of 5 stars","#702 in Electronics (See Top 100 in Electronics)
#4 in Over-Ear Headphones",5 August 2020,Imagine Marketing Ltd,"Imagine Marketing Pvt Ltd., 255, Guru Gobind Industrial Estate, Jay Coach, Goregaon East, Mumbai, Maharashtra- 400063",8.6 x 19.1 x 16.2 Centimeters,1 Piece,Headphones,
boAt Bassheads 220 Wired in Ear Earphones(Indi Lime),48.0,499.0,B0BRXVSL7X,"48 ratings
3.4 out of 5 stars","#1,025 in Electronics (See Top 100 in Electronics)
#228 in In-Ear Headphones",9 January 2023,Imagine Marketing Ltd,,120 x 2 x 2 Centimeters,1 Piece,Wired Earphones,
"truke BTG Beta True Wireless in Ear Earbuds with 13mm Big Speaker Drivers, 38H Playtime, Fast Charging, True Gaming Mode, Instant Pairing, AAC Codec, Dual-Mic ENC, Bluetooth 5.3, IPX4 (Black)",312.0,1099.0,B0B3MZV2XJ,"312 ratings
4.4 out of 5 stars","#796 in Electronics (See Top 100 in Electronics)
#187 in In-Ear Headphones",7 January 2023,"Shenzhen Longfuxiang Technology Co., Ltd., 205, Xingye 2nd Road, Fenghuang Village, Fuyong Town, Bao,an District, Shenzhen, China","Eccentric Enterprises Private Limited. 1st Floor, UNIT NO 137, Building No 1 Edison Tesla Industrial Park, Raheja Plot No Gen -2/1 Industrial Area, MIDC Thane Juinagar Navi Mumbai, Thane, Maharashtra, 400705. Contact: +91 93541 70767, support@eccentricindia.com",5.2 x 5.9 x 2.5 Centimeters,1 Count,Wireless Bluetooth Earphone (True Wireless),"truke, Shenzhen Longfuxiang Technology Co., Ltd., 205, Xingye 2nd Road, Fenghuang Village, Fuyong Town, Bao,an District, Shenzhen, China"
"boAt Rockerz 450 Pro Bluetooth Wireless On Ear Headphones with Mic with 70 Hours Battery, 40Mm Drivers, Bluetooth V5.0 Padded Ear Cushions, Easy Access Controls and Voice Assistant(Aqua Blue)",108900.0,1999.0,B08XY25RYK,"108,900 ratings
4.1 out of 5 stars","#456 in Electronics (See Top 100 in Electronics)
#9 in On-Ear Headphones",3 March 2021,Imagine Marketing Ltd,"Imagine Marketing Pvt Ltd., 255, Guru Gobind Industrial Estate, Jay Coach, Goregaon East, Mumbai, Maharashtra- 400063",8 x 18.2 x 17.6 Centimeters,1 Piece,Headphones,
"boAt Rockerz 550 Over Ear Bluetooth Headphones with Upto 20 Hours Playback, 50MM Drivers, Soft Padded Ear Cushions and Physical Noise Isolation, Without Mic (Black)",56010.0,1999.0,B0856HY85J,"56,010 ratings
4.1 out of 5 stars","#702 in Electronics (See Top 100 in Electronics)
#4 in Over-Ear Headphones",5 August 2020,Imagine Marketing Ltd,"Imagine Marketing Pvt Ltd., 255, Guru Gobind Industrial Estate, Jay Coach, Goregaon East, Mumbai, Maharashtra- 400063",8.6 x 19.1 x 16.2 Centimeters,1 Piece,Headphones,
"boAt Airdopes 172 True Wireless in Ear Earbuds with ENx™ Tech, Beast Mode, 35H Playtime, 11mm Drivers, ASAP™ Charge, IPX4, IWP™, Touch Controls(Bold Blue)",48039.0,1264.0,B0BNPSTPP1,"48,039 ratings
3.9 out of 5 stars","#1,577 in Electronics (See Top 100 in Electronics)
#307 in In-Ear Headphones",17 December 2022,Imagine Marketing Ltd,Imagine Marketing Ltd,6.1 x 2.6 x 4.3 Centimeters,1 Piece,True Wireless Earbuds,
"boAt Rockerz 370 On Ear Bluetooth Headphones with Upto 12 Hours Playtime, Cozy Padded Earcups and Bluetooth v5.0(Fiery Red)",34245.0,1199.0,B0856HRTJG,"34,245 ratings
4.0 out of 5 stars","#1,635 in Electronics (See Top 100 in Electronics)
#21 in On-Ear Headphones",26 February 2020,Imagine Marketing Ltd,"Imagine Marketing Pvt Ltd., 255, Guru Gobind Industrial Estate, Jay Coach, Goregaon East, Mumbai, Maharashtra- 400063",7 x 18 x 16 Centimeters,1 Piece,Headphones,
"boAt Rockerz 330 Pro in-Ear Bluetooth Neckband with 60HRS Playtime, ASAP Charge, ENx Tech, Signature Sound, BT v5.2, Dual Pairing, IPX5, with Mic (Active Black)",112027.0,1799.0,B09LHXTXMX,"112,027 ratings
4.1 out of 5 stars","#240 in Electronics (See Top 100 in Electronics)
#74 in In-Ear Headphones",6 December 2021,Imagine Marketing Ltd,Imagine Marketing Pvt Ltd,17 x 14 x 2 Centimeters,1 Piece,Rockerz 330 Pro,
"boAt Rockerz 330 Pro in-Ear Bluetooth Neckband with 60HRS Playtime, ASAP Charge, ENx Tech, Signature Sound, BT v5.2, Dual Pairing, IPX5, with Mic (Active Black)",112027.0,1799.0,B09LHXTXMX,"112,027 ratings
4.1 out of 5 stars","#240 in Electronics (See Top 100 in Electronics)
#74 in In-Ear Headphones",6 December 2021,Imagine Marketing Ltd,Imagine Marketing Pvt Ltd,17 x 14 x 2 Centimeters,1 Piece,Rockerz 330 Pro,
"boAt Rockerz 330 Bluetooth Wireless in Ear Earphones with mic, Upto 30 Hours Playtime, ASAP Charge, Signature Sound, Dual Pairing & IPX5(Blazing Yellow)",112027.0,999.0,B092Y1FVCR,"112,027 ratings
4.1 out of 5 stars","#190 in Electronics (See Top 100 in Electronics)
#57 in In-Ear Headphones",19 April 2021,Imagine Marketing Ltd,Imagine Marketing Pvt Ltd,17 x 13 x 13 Centimeters,1 Piece,Rockerz 330,
"boAt Rockerz 370 On Ear Bluetooth Headphones with Upto 12 Hours Playtime, Cozy Padded Earcups and Bluetooth v5.0(Fiery Red)",34245.0,1199.0,B0856HRTJG,"34,245 ratings
4.0 out of 5 stars","#1,635 in Electronics (See Top 100 in Electronics)
#21 in On-Ear Headphones",26 February 2020,Imagine Marketing Ltd,"Imagine Marketing Pvt Ltd., 255, Guru Gobind Industrial Estate, Jay Coach, Goregaon East, Mumbai, Maharashtra- 400063",7 x 18 x 16 Centimeters,1 Piece,Headphones,
boAt Bassheads 220 Wired in Ear Earphones(Indi Lime),48.0,499.0,B0BRXVSL7X,"48 ratings
3.4 out of 5 stars","#1,025 in Electronics (See Top 100 in Electronics)
#228 in In-Ear Headphones",9 January 2023,Imagine Marketing Ltd,,120 x 2 x 2 Centimeters,1 Piece,Wired Earphones,
"truke Air Buds Lite True Wireless in Ear Earbuds with 48 Hours Playtime, Gaming Mode, Enviornomental Noise Cancellation (ENC), Auto Play/Pause, AAC Codec, Bluetooth 5.1, IPX4 (Black)",1415.0,999.0,B09MWMT4V5,"1,414 ratings
3.9 out of 5 stars","#1,242 in Electronics (See Top 100 in Electronics)
#256 in In-Ear Headphones",2 December 2021,"205, Xingye 2nd Road, Fenghuang Village, Fuyong Town, Bao,an District, Shenzhen, China",Eccentric Enterprises Private Limited,6.3 x 2.6 x 4.7 Centimeters,1 Count,Wireless Bluetooth Earphones (True Wireless Earbuds),"truke, truke"
boAt Bassheads 102 in Ear Wired Earphones with Mic(Fiery Red),76565.0,449.0,B07SF1X921,"76,565 ratings
4.2 out of 5 stars","#1,748 in Electronics (See Top 100 in Electronics)
#326 in In-Ear Headphones",27 May 2019,Imagine Marketing Ltd,"Imagine Marketing Pvt Ltd., 255, Guru Gobind Industrial Estate, Jay Coach, Goregaon East, Mumbai, Maharashtra- 400063",120 x 1 x 1 Centimeters,1 Piece,Headphones,
"boAt Rockerz 330 Bluetooth Wireless in Ear Earphones with mic, Upto 30 Hours Playtime, ASAP Charge, Signature Sound, Dual Pairing & IPX5(Blazing Yellow)",112027.0,999.0,B092Y1FVCR,"112,027 ratings
4.1 out of 5 stars","#190 in Electronics (See Top 100 in Electronics)
#57 in In-Ear Headphones",19 April 2021,Imagine Marketing Ltd,Imagine Marketing Pvt Ltd,17 x 13 x 13 Centimeters,1 Piece,Rockerz 330,
boAt Bassheads 105 Wired in Ear Earphones with Mic (Blue),27326.0,449.0,B08YYP8J1N,"27,326 ratings
4.0 out of 5 stars","#405 in Electronics (See Top 100 in Electronics)
#115 in In-Ear Headphones",15 March 2021,Imagine Marketing Ltd,Imagine Marketing Pvt Ltd,120 x 1 x 1 Centimeters,1 Piece,Bassheads 105,
"boAt BassHeads 122 Wired in Ear Earphones with Heavy Bass, Integrated Controls and Mic (Gun Metal)",404.0,399.0,B07QZ3CZ48,"404 ratings
4.0 out of 5 stars","#47 in Electronics (See Top 100 in Electronics)
#19 in In-Ear Headphones",24 April 2019,,,120 x 1 x 1 Centimeters,,Wired Earphones,
"boAt Rockerz 450 Pro Bluetooth Wireless On Ear Headphones with Mic with 70 Hours Battery, 40Mm Drivers, Bluetooth V5.0 Padded Ear Cushions, Easy Access Controls and Voice Assistant(Aqua Blue)",108900.0,1999.0,B08XY25RYK,"108,900 ratings
4.1 out of 5 stars","#456 in Electronics (See Top 100 in Electronics)
#9 in On-Ear Headphones",3 March 2021,Imagine Marketing Ltd,"Imagine Marketing Pvt Ltd., 255, Guru Gobind Industrial Estate, Jay Coach, Goregaon East, Mumbai, Maharashtra- 400063",8 x 18.2 x 17.6 Centimeters,1 Piece,Headphones,
"boAt BassHeads 122 Wired in Ear Earphones with Heavy Bass, Integrated Controls and Mic (Gun Metal)",404.0,399.0,B07QZ3CZ48,"404 ratings
4.0 out of 5 stars","#47 in Electronics (See Top 100 in Electronics)
#19 in In-Ear Headphones",24 April 2019,,,120 x 1 x 1 Centimeters,,Wired Earphones,
boAt Bassheads 105 Wired in Ear Earphones with Mic (Blue),27326.0,449.0,B08YYP8J1N,"27,326 ratings
4.0 out of 5 stars","#405 in Electronics (See Top 100 in Electronics)
#115 in In-Ear Headphones",15 March 2021,Imagine Marketing Ltd,Imagine Marketing Pvt Ltd,120 x 1 x 1 Centimeters,1 Piece,Bassheads 105,
"boAt Rockerz 450 Bluetooth On Ear Headphones with Mic, Upto 15 Hours Playback, 40MM Drivers, Padded Ear Cushions, Integrated Controls and Dual Modes(Hazel Beige)",108900.0,1399.0,B086671ZSR,"108,900 ratings
4.1 out of 5 stars","#625 in Electronics (See Top 100 in Electronics)
#14 in On-Ear Headphones",20 March 2020,Imagine Marketing Ltd,"Imagine Marketing Pvt Ltd., 255, Guru Gobind Industrial Estate, Jay Coach, Goregaon East, Mumbai, Maharashtra- 400063",8 x 18.2 x 17.6 Centimeters,1 Piece,Headphones,
boAt Bassheads 102 in Ear Wired Earphones with Mic(Fiery Red),76565.0,449.0,B07SF1X921,"76,565 ratings
4.2 out of 5 stars","#1,748 in Electronics (See Top 100 in Electronics)
#326 in In-Ear Headphones",27 May 2019,Imagine Marketing Ltd,"Imagine Marketing Pvt Ltd., 255, Guru Gobind Industrial Estate, Jay Coach, Goregaon East, Mumbai, Maharashtra- 400063",120 x 1 x 1 Centimeters,1 Piece,Headphones,
"boAt Rockerz 450 Pro Bluetooth On Ear Headphones with Mic with 70 Hours Battery, 40Mm Drivers, Bluetooth V5.0 Padded Ear Cushions, Easy Access Controls and Voice Assistant(Luscious Black)",108900.0,1999.0,B08XY16Y6J,"108,900 ratings
4.1 out of 5 stars","#330 in Electronics (See Top 100 in Electronics)
#7 in On-Ear Headphones",3 March 2021,Imagine Marketing Ltd,"Imagine Marketing Pvt Ltd., 255, Guru Gobind Industrial Estate, Jay Coach, Goregaon East, Mumbai, Maharashtra- 400063",8 x 18.2 x 17.6 Centimeters,1 Piece,Headphones,
"boAt Rockerz 330 Pro in-Ear Bluetooth Neckband with 60HRS Playtime, ASAP Charge, ENx Tech, Signature Sound, BT v5.2, Dual Pairing, IPX5, with Mic (Active Black)",112027.0,1799.0,B09LHXTXMX,"112,027 ratings
4.1 out of 5 stars","#240 in Electronics (See Top 100 in Electronics)
#74 in In-Ear Headphones",6 December 2021,Imagine Marketing Ltd,Imagine Marketing Pvt Ltd,17 x 14 x 2 Centimeters,1 Piece,Rockerz 330 Pro,
"pTron Pride Lite HBE (High Bass Earphones) in Ear Wired Earphones with Mic, 10mm Powerful Driver for Stereo Audio, Noise Cancelling Headset with 1.2m Tangle-Free Cable & 3.5mm Aux - (Blue)",57706.0,229.0,B08SFFP19B,"57,706 ratings
3.6 out of 5 stars","#292 in Electronics (See Top 100 in Electronics)
#85 in In-Ear Headphones",7 January 2021,"Palred Electronics Pvt. Ltd., Sy.No.1240, Kurnool Nandyal Road, Nannur Village, Kurnool, Andhra Pradesh, 518002",Palred Electronics Pvt. Ltd.,120 x 1.5 x 1 Centimeters,1 count,Wired Earphones,
"boAt Rockerz 330 Bluetooth Wireless in Ear Earphones with mic, Upto 30 Hours Playtime, ASAP Charge, Signature Sound, Dual Pairing & IPX5(Navy Blue)",112027.0,999.0,B092XRRZ6C,"112,027 ratings
4.1 out of 5 stars","#25 in Electronics (See Top 100 in Electronics)
#10 in In-Ear Headphones",19 April 2021,Imagine Marketing Ltd,Imagine Marketing Pvt Ltd,17 x 13 x 13 Centimeters,1 Piece,Rockerz 330,
"boAt Rockerz 245v2 Bluetooth Wireless in Ear Earphones with Upto 8 Hours Playback, 12mm Drivers, IPX5, Magnetic Eartips, Integrated Controls and Lightweight Design with Mic (Navy Blue)",87952.0,1099.0,B097DTJRWZ,"87,952 ratings
3.9 out of 5 stars","#2,624 in Electronics (See Top 100 in Electronics)
#388 in In-Ear Headphones",17 June 2021,Imagine Marketing Ltd,Imagine Marketing Pvt Ltd,35 x 2 x 2 Centimeters,1 Piece,Rockerz 245v2,
"boAt Airdopes 141 Bluetooth Truly Wireless in Ear Earbuds with mic, 42H Playtime, Beast Mode(Low Latency Upto 80ms) for Gaming, ENx Tech, ASAP Charge, IWP, IPX4 Water Resistance (Bold Black)",63344.0,1099.0,B09N3ZNHTY,"63,344 ratings
3.9 out of 5 stars","#1 in Electronics (See Top 100 in Electronics)
#1 in In-Ear Headphones",6 December 2021,Imagine Marketing Ltd,Imagine Marketing Ltd,50 x 50 x 20 Millimeters,1 count,Airdopes 141,
"Boult Audio Z20 True Wireless in Ear Earbuds with Zen ENC Mic, 40H Playtime, Type-C Fast Charging, Made in India, 10mm Rich Bass Drivers, Environmental Noise Cancellation, IPX5 Ear Buds TWS (Green)",10398.0,1399.0,B0B31BYXQQ,"10,398 ratings
3.8 out of 5 stars","#124 in Electronics (See Top 100 in Electronics)
#41 in In-Ear Headphones",2 June 2022,"Exotic Mile Pvt. Ltd. , B67 Wazirpur Industrial Area , New Delhi 110052","Exotic Mile Pvt. Ltd. , B67 Wazirpur Industrial Area , New Delhi 110052",6.5 x 3.5 x 3.5 Centimeters,1 Pack,True Wireless Headphones,
"boAt Rockerz 245v2 Bluetooth Wireless in Ear Earphones with Upto 8 Hours Playback, 12mm Drivers, IPX5, Magnetic Eartips, Integrated Controls and Lightweight Design with Mic (Navy Blue)",87952.0,1099.0,B097DTJRWZ,"87,952 ratings
3.9 out of 5 stars","#2,624 in Electronics (See Top 100 in Electronics)
#388 in In-Ear Headphones",17 June 2021,Imagine Marketing Ltd,Imagine Marketing Pvt Ltd,35 x 2 x 2 Centimeters,1 Piece,Rockerz 245v2,
"Boult Audio Z20 True Wireless in Ear Earbuds with Zen ENC Mic, 40H Playtime, Type-C Fast Charging, Made in India, 10mm Rich Bass Drivers, Environmental Noise Cancellation, IPX5 Ear Buds TWS (Green)",10398.0,1399.0,B0B31BYXQQ,"10,398 ratings
3.8 out of 5 stars","#124 in Electronics (See Top 100 in Electronics)
#41 in In-Ear Headphones",2 June 2022,"Exotic Mile Pvt. Ltd. , B67 Wazirpur Industrial Area , New Delhi 110052","Exotic Mile Pvt. Ltd. , B67 Wazirpur Industrial Area , New Delhi 110052",6.5 x 3.5 x 3.5 Centimeters,1 Pack,True Wireless Headphones,
boAt BassHeads 132 Wired in Ear Earphone with Mic (Silver Surfer),4257.0,497.0,B07R17737G,"4,257 ratings
4.0 out of 5 stars","#3,925 in Electronics (See Top 100 in Electronics)
#491 in In-Ear Headphones",24 April 2019,,"Imagine Marketing Pvt Ltd., 255, Guru Gobind Industrial Estate, Jay Coach, Goregaon East, Mumbai, Maharashtra- 400063",120 x 1 x 1 Centimeters,,Wired Earphones,
"boAt Airdopes 141 Bluetooth Truly Wireless in Ear Earbuds with mic, 42H Playtime, Beast Mode(Low Latency Upto 80ms) for Gaming, ENx Tech, ASAP Charge, IWP, IPX4 Water Resistance (Bold Black)",63344.0,1099.0,B09N3ZNHTY,"63,344 ratings
3.9 out of 5 stars","#1 in Electronics (See Top 100 in Electronics)
#1 in In-Ear Headphones",6 December 2021,Imagine Marketing Ltd,Imagine Marketing Ltd,50 x 50 x 20 Millimeters,1 count,Airdopes 141,
"Boult Audio Powerbuds True Wireless in Ear Earbuds with 120H Playtime, in-Built Powerbank, Type-C Fast Charging, Made in India, Pro+ Calling HD Mic, IPX7 Waterproof, Bluetooth Ear Buds TWS (Black)",28878.0,1499.0,B08D11DZ2W,"28,878 ratings
3.7 out of 5 stars","#286 in Electronics (See Top 100 in Electronics)
#84 in In-Ear Headphones",5 August 2020,"9555602502, Exotic Mile Private Limited, B-67 Wazirpur Industrial Area, Delhi - 110052.","Exotic Mile Private Limited, B-67 Wazirpur Industrial Area, Delhi - 110052.",9.6 x 8.5 x 3.5 Centimeters,1 U,True Wireless Earbuds,
"Boult Audio Z25 True Wireless in Ear Earbuds with 32H Playtime, 45ms Low Latency, Type-C Fast Charging (10=150Mins), Made in India, Zen ENC Mic, 13mm Bass Drivers, Bluetooth 5.3 Ear Buds (Blue Moss)",538.0,1299.0,B0BLHL74S7,"538 ratings
4.1 out of 5 stars","#258 in Electronics (See Top 100 in Electronics)
#80 in In-Ear Headphones",28 December 2022,"Exotic Mile Pvt. Ltd. , B67 Wazirpur Industrial Area , New Delhi 110052","Exotic Mile Pvt. Ltd. , B67 Wazirpur Industrial Area , New Delhi 110052",7 x 3.2 x 3.2 Centimeters,1 Pack,True Wireless Headphones,
"Boult Audio Probass Anchor Active Noise Cancellation Bluetooth Wireless Over Ear Headphones with Mic with 30Hrs Playtime, Extra Bass with 40 Mm Drivers (Black)",355.0,3999.0,B095KXJFQ7,"355 ratings
4.0 out of 5 stars","#2,181 in Electronics (See Top 100 in Electronics)
#18 in Over-Ear Headphones",21 May 2021,"B-67, Wazirpur industrial area Delhi","Exotic Mile,B-67, Wazirpur industrial area Delhi",22 x 9 x 18 Centimeters,,Over Ear,
"boAt Rockerz 330 Bluetooth Wireless in Ear Earphones with mic, Upto 30 Hours Playtime, ASAP Charge, Signature Sound, Dual Pairing & IPX5(Navy Blue)",112027.0,999.0,B092XRRZ6C,"112,027 ratings
4.1 out of 5 stars","#25 in Electronics (See Top 100 in Electronics)
#10 in In-Ear Headphones",19 April 2021,Imagine Marketing Ltd,Imagine Marketing Pvt Ltd,17 x 13 x 13 Centimeters,1 Piece,Rockerz 330,
boAt Bassheads 242 in Ear Wired Earphones with Mic(Red),163179.0,599.0,B08GG978NG,"163,179 ratings
4.1 out of 5 stars","#865 in Electronics (See Top 100 in Electronics)
#205 in In-Ear Headphones",21 August 2020,Imagine Marketing Ltd,"Imagine Marketing Pvt Ltd., 255, Guru Gobind Industrial Estate, Jay Coach, Goregaon East, Mumbai, Maharashtra- 400063",120 x 1 x 1 Centimeters,1 Piece,Headphones,
boAt Bassheads 242 in Ear Wired Earphones with Mic(Blue),163179.0,599.0,B08H9Z3XQW,"163,179 ratings
4.1 out of 5 stars","#488 in Electronics (See Top 100 in Electronics)
#136 in In-Ear Headphones",2 September 2020,Imagine Marketing Ltd,"Imagine Marketing Pvt Ltd., 255, Guru Gobind Industrial Estate, Jay Coach, Goregaon East, Mumbai, Maharashtra- 400063",120 x 1 x 1 Centimeters,1 Piece,Headphones,
"boAt Rockerz 370 On Ear Bluetooth Headphones with Upto 12 Hours Playtime, Cozy Padded Earcups and Bluetooth v5.0(Gregarious Green)",34245.0,1199.0,B0856J7XF8,"34,245 ratings
4.0 out of 5 stars","#778 in Electronics (See Top 100 in Electronics)
#15 in On-Ear Headphones",26 February 2020,Imagine Marketing Ltd,"Imagine Marketing Pvt Ltd., 255, Guru Gobind Industrial Estate, Jay Coach, Goregaon East, Mumbai, Maharashtra- 400063",7 x 18 x 16 Centimeters,1 Piece,Headphones,
boAt Bassheads 102 in Ear Wired Earphones with Mic(Charcoal Black),76565.0,449.0,B07S8PSW59,"76,565 ratings
4.2 out of 5 stars","#391 in Electronics (See Top 100 in Electronics)
#112 in In-Ear Headphones",27 May 2019,Imagine Marketing Ltd,"Imagine Marketing Pvt Ltd., 255, Guru Gobind Industrial Estate, Jay Coach, Goregaon East, Mumbai, Maharashtra- 400063",120 x 1 x 1 Centimeters,1 Piece,Headphones,
"boAt Airdopes 141 Bluetooth Truly Wireless in Ear Earbuds with 42H Playtime, Beast Mode(Low Latency Upto 80ms) for Gaming, IPX4 Water Resistance, ENx Tech, IWP, Smooth Touch Controls(Cyan Cider)",40691.0,1099.0,B09N3XMZ5F,"40,691 ratings
3.9 out of 5 stars","#2 in Electronics (See Top 100 in Electronics)
#2 in In-Ear Headphones",6 December 2021,Imagine Marketing Ltd,Imagine Marketing Ltd,50 x 50 x 20 Millimeters,1 Piece,Airdopes 141,
boAt Bassheads 105 Wired in Ear Earphones with Mic (Black),27326.0,449.0,B08YYQ3WFG,"27,326 ratings
4.0 out of 5 stars","#209 in Electronics (See Top 100 in Electronics)
#64 in In-Ear Headphones",15 March 2021,Imagine Marketing Ltd,Imagine Marketing Pvt Ltd,120 x 1 x 1 Centimeters,1 Piece,Bassheads 105,
boAt Bassheads 242 in Ear Wired Earphones with Mic(Blue),163179.0,599.0,B08H9Z3XQW,"163,179 ratings
4.1 out of 5 stars","#488 in Electronics (See Top 100 in Electronics)
#136 in In-Ear Headphones",2 September 2020,Imagine Marketing Ltd,"Imagine Marketing Pvt Ltd., 255, Guru Gobind Industrial Estate, Jay Coach, Goregaon East, Mumbai, Maharashtra- 400063",120 x 1 x 1 Centimeters,1 Piece,Headphones,
boAt Bassheads 220 Wired in Ear Earphones(Raging Red Indi),48.0,499.0,B0BRXWF8LQ,"48 ratings
3.4 out of 5 stars","#2,259 in Electronics (See Top 100 in Electronics)
#365 in In-Ear Headphones",9 January 2023,Imagine Marketing Ltd,,120 x 2 x 2 Centimeters,1 Piece,Wired Earphones,
"boAt Airdopes 121v2 in-Ear True Wireless Earbuds with Upto 14 Hours Playback, 8MM Drivers, Battery Indicators, Lightweight Earbuds & Multifunction Controls (Active Black, with Mic)",184489.0,1299.0,B08JQN8DGZ,"184,489 ratings
3.8 out of 5 stars","#28 in Electronics (See Top 100 in Electronics)
#12 in In-Ear Headphones",22 September 2020,Imagine Marketing Ltd,"Imagine Marketing Pvt Ltd., 255, Guru Gobind Industrial Estate, Jay Coach, Goregaon East, Mumbai, Maharashtra- 400063",27 x 32 x 67 Millimeters,1 Piece,True Wireless Earbuds,
boAt Bassheads 220 Wired in Ear Earphones(Raging Red Indi),48.0,499.0,B0BRXWF8LQ,"48 ratings
3.4 out of 5 stars","#2,259 in Electronics (See Top 100 in Electronics)
#365 in In-Ear Headphones",9 January 2023,Imagine Marketing Ltd,,120 x 2 x 2 Centimeters,1 Piece,Wired Earphones,
boAt Bassheads 242 in Ear Wired Earphones with Mic(Red),163179.0,599.0,B08GG978NG,"163,179 ratings
4.1 out of 5 stars","#865 in Electronics (See Top 100 in Electronics)
#205 in In-Ear Headphones",21 August 2020,Imagine Marketing Ltd,"Imagine Marketing Pvt Ltd., 255, Guru Gobind Industrial Estate, Jay Coach, Goregaon East, Mumbai, Maharashtra- 400063",120 x 1 x 1 Centimeters,1 Piece,Headphones,
"Boult Audio Probass Anchor Active Noise Cancellation Bluetooth Wireless Over Ear Headphones with Mic with 30Hrs Playtime, Extra Bass with 40 Mm Drivers (Black)",355.0,3999.0,B095KXJFQ7,"355 ratings
4.0 out of 5 stars","#2,181 in Electronics (See Top 100 in Electronics)
#18 in Over-Ear Headphones",21 May 2021,"B-67, Wazirpur industrial area Delhi","Exotic Mile,B-67, Wazirpur industrial area Delhi",22 x 9 x 18 Centimeters,,Over Ear,
"boAt Airdopes 141 Bluetooth Truly Wireless in Ear Earbuds with mic, 42H Playtime, Beast Mode(Low Latency Upto 80ms) for Gaming, ENx Tech, ASAP Charge, IWP, IPX4 Water Resistance (Bold Black)",63344.0,1099.0,B09N3ZNHTY,"63,344 ratings
3.9 out of 5 stars","#1 in Electronics (See Top 100 in Electronics)
#1 in In-Ear Headphones",6 December 2021,Imagine Marketing Ltd,Imagine Marketing Ltd,50 x 50 x 20 Millimeters,1 count,Airdopes 141,
"boAt Airdopes 121v2 in-Ear True Wireless Earbuds with Upto 14 Hours Playback, 8MM Drivers, Battery Indicators, Lightweight Earbuds & Multifunction Controls (Active Black, with Mic)",184489.0,1299.0,B08JQN8DGZ,"184,489 ratings
3.8 out of 5 stars","#28 in Electronics (See Top 100 in Electronics)
#12 in In-Ear Headphones",22 September 2020,Imagine Marketing Ltd,"Imagine Marketing Pvt Ltd., 255, Guru Gobind Industrial Estate, Jay Coach, Goregaon East, Mumbai, Maharashtra- 400063",27 x 32 x 67 Millimeters,1 Piece,True Wireless Earbuds,
"boAt Airdopes 141 Bluetooth Truly Wireless in Ear Earbuds with mic, 42H Playtime, Beast Mode(Low Latency Upto 80ms) for Gaming, ENx Tech, ASAP Charge, IWP, IPX4 Water Resistance (Bold Black)",63344.0,1099.0,B09N3ZNHTY,"63,344 ratings
3.9 out of 5 stars","#1 in Electronics (See Top 100 in Electronics)
#1 in In-Ear Headphones",6 December 2021,Imagine Marketing Ltd,Imagine Marketing Ltd,50 x 50 x 20 Millimeters,1 count,Airdopes 141,
boAt Bassheads 100 Wired in Ear Earphones with Mic (Mint Orange),366529.0,399.0,B08MD23PMW,"366,529 ratings
4.1 out of 5 stars","#442 in Electronics (See Top 100 in Electronics)
#124 in In-Ear Headphones",1 November 2020,Imagine Marketing Ltd,Imagine Marketing Ltd,120 x 1 x 1 Centimeters,1 Piece,Headphones,
boAt Bassheads 100 Wired in Ear Earphones with Mic (Mint Orange),366529.0,399.0,B08MD23PMW,"366,529 ratings
4.1 out of 5 stars","#442 in Electronics (See Top 100 in Electronics)
#124 in In-Ear Headphones",1 November 2020,Imagine Marketing Ltd,Imagine Marketing Ltd,120 x 1 x 1 Centimeters,1 Piece,Headphones,
"Boult Audio Z25 True Wireless in Ear Earbuds with 32H Playtime, 45ms Low Latency, Type-C Fast Charging (10=150Mins), Made in India, Zen ENC Mic, 13mm Bass Drivers, Bluetooth 5.3 Ear Buds (Blue Moss)",538.0,1299.0,B0BLHL74S7,"538 ratings
4.1 out of 5 stars","#258 in Electronics (See Top 100 in Electronics)
#80 in In-Ear Headphones",28 December 2022,"Exotic Mile Pvt. Ltd. , B67 Wazirpur Industrial Area , New Delhi 110052","Exotic Mile Pvt. Ltd. , B67 Wazirpur Industrial Area , New Delhi 110052",7 x 3.2 x 3.2 Centimeters,1 Pack,True Wireless Headphones,
boAt BassHeads 100 in-Ear Wired Headphones with Mic (White),366529.0,399.0,B07234XXJF,"366,529 ratings
4.1 out of 5 stars","#254 in Electronics (See Top 100 in Electronics)
#77 in In-Ear Headphones",16 May 2017,Imagine Marketing Ltd,"Imagine Marketing Pvt Ltd., 255, Guru Gobind Industrial Estate, Jay Coach, Goregaon East, Mumbai, Maharashtra- 400063",120 x 1 x 1 Centimeters,1 Piece,Headphones,
boAt BassHeads 100 in-Ear Wired Headphones with Mic (White),366529.0,399.0,B07234XXJF,"366,529 ratings
4.1 out of 5 stars","#254 in Electronics (See Top 100 in Electronics)
#77 in In-Ear Headphones",16 May 2017,Imagine Marketing Ltd,"Imagine Marketing Pvt Ltd., 255, Guru Gobind Industrial Estate, Jay Coach, Goregaon East, Mumbai, Maharashtra- 400063",120 x 1 x 1 Centimeters,1 Piece,Headphones,
"pTron Pride Lite HBE (High Bass Earphones) in Ear Wired Earphones with Mic, 10mm Powerful Driver for Stereo Audio, Noise Cancelling Headset with 1.2m Tangle-Free Cable & 3.5mm Aux - (Blue)",57706.0,229.0,B08SFFP19B,"57,706 ratings
3.6 out of 5 stars","#292 in Electronics (See Top 100 in Electronics)
#85 in In-Ear Headphones",7 January 2021,"Palred Electronics Pvt. Ltd., Sy.No.1240, Kurnool Nandyal Road, Nannur Village, Kurnool, Andhra Pradesh, 518002",Palred Electronics Pvt. Ltd.,120 x 1.5 x 1 Centimeters,1 count,Wired Earphones,
"SYSKA PACE HE100H 100 hrs Playtime Bluetooth Neckband, autoENC, Wireless in Ear Earphones with Mic, Earphones with Rapid Pulse Charging, 10 mm Drivers, Deep Bass (Teal Green)",18.0,1290.0,B0BG8HBDFL,"18 ratings
4.2 out of 5 stars","#11,239 in Electronics (See Top 100 in Electronics)
#864 in In-Ear Headphones",22 September 2022,"Syska Led Lights Pvt. Ltd. Syska House, Office No. S-2 2nd Floor Sakore nagar,Pune-411014,Maharashtra, 1800-102-8787","Syska Led Lights Pvt. Ltd. Syska House, Office No. S-2 2nd Floor Sakore nagar,Pune-411014,Maharashtra, 1800-102-8787",12 x 7 x 1 Centimeters,1.00 count,Bluetooth Earphones,
"boAt Airdopes 141 Bluetooth Truly Wireless in Ear Earbuds with 42H Playtime, Beast Mode(Low Latency Upto 80ms) for Gaming, IPX4 Water Resistance, ENx Tech, IWP, Smooth Touch Controls(Cyan Cider)",40691.0,1099.0,B09N3XMZ5F,"40,691 ratings
3.9 out of 5 stars","#2 in Electronics (See Top 100 in Electronics)
#2 in In-Ear Headphones",6 December 2021,Imagine Marketing Ltd,Imagine Marketing Ltd,50 x 50 x 20 Millimeters,1 Piece,Airdopes 141,
"boAt Rockerz 450 Pro Bluetooth On Ear Headphones with Mic with 70 Hours Battery, 40Mm Drivers, Bluetooth V5.0 Padded Ear Cushions, Easy Access Controls and Voice Assistant(Luscious Black)",108900.0,1999.0,B08XY16Y6J,"108,900 ratings
4.1 out of 5 stars","#330 in Electronics (See Top 100 in Electronics)
#7 in On-Ear Headphones",3 March 2021,Imagine Marketing Ltd,"Imagine Marketing Pvt Ltd., 255, Guru Gobind Industrial Estate, Jay Coach, Goregaon East, Mumbai, Maharashtra- 400063",8 x 18.2 x 17.6 Centimeters,1 Piece,Headphones,
"boAt Rockerz 330 Pro in-Ear Bluetooth Neckband with 60HRS Playtime, ASAP Charge, ENx Tech, Signature Sound, BT v5.2, Dual Pairing, IPX5, with Mic (Active Black)",112027.0,1799.0,B09LHXTXMX,"112,027 ratings
4.1 out of 5 stars","#240 in Electronics (See Top 100 in Electronics)
#74 in In-Ear Headphones",6 December 2021,Imagine Marketing Ltd,Imagine Marketing Pvt Ltd,17 x 14 x 2 Centimeters,1 Piece,Rockerz 330 Pro,
"boAt Rockerz 370 On Ear Bluetooth Headphones with Upto 12 Hours Playtime, Cozy Padded Earcups and Bluetooth v5.0(Gregarious Green)",34245.0,1199.0,B0856J7XF8,"34,245 ratings
4.0 out of 5 stars","#778 in Electronics (See Top 100 in Electronics)
#15 in On-Ear Headphones",26 February 2020,Imagine Marketing Ltd,"Imagine Marketing Pvt Ltd., 255, Guru Gobind Industrial Estate, Jay Coach, Goregaon East, Mumbai, Maharashtra- 400063",7 x 18 x 16 Centimeters,1 Piece,Headphones,
boAt Bassheads 102 in Ear Wired Earphones with Mic(Charcoal Black),76565.0,449.0,B07S8PSW59,"76,565 ratings
4.2 out of 5 stars","#391 in Electronics (See Top 100 in Electronics)
#112 in In-Ear Headphones",27 May 2019,Imagine Marketing Ltd,"Imagine Marketing Pvt Ltd., 255, Guru Gobind Industrial Estate, Jay Coach, Goregaon East, Mumbai, Maharashtra- 400063",120 x 1 x 1 Centimeters,1 Piece,Headphones,
boAt BassHeads 132 Wired in Ear Earphone with Mic (Silver Surfer),4257.0,497.0,B07R17737G,"4,257 ratings
4.0 out of 5 stars","#3,925 in Electronics (See Top 100 in Electronics)
#491 in In-Ear Headphones",24 April 2019,,"Imagine Marketing Pvt Ltd., 255, Guru Gobind Industrial Estate, Jay Coach, Goregaon East, Mumbai, Maharashtra- 400063",120 x 1 x 1 Centimeters,,Wired Earphones,
"SYSKA PACE HE100H 100 hrs Playtime Bluetooth Neckband, autoENC, Wireless in Ear Earphones with Mic, Earphones with Rapid Pulse Charging, 10 mm Drivers, Deep Bass (Teal Green)",18.0,1290.0,B0BG8HBDFL,"18 ratings
4.2 out of 5 stars","#11,239 in Electronics (See Top 100 in Electronics)
#864 in In-Ear Headphones",22 September 2022,"Syska Led Lights Pvt. Ltd. Syska House, Office No. S-2 2nd Floor Sakore nagar,Pune-411014,Maharashtra, 1800-102-8787","Syska Led Lights Pvt. Ltd. Syska House, Office No. S-2 2nd Floor Sakore nagar,Pune-411014,Maharashtra, 1800-102-8787",12 x 7 x 1 Centimeters,1.00 count,Bluetooth Earphones,
boAt Bassheads 105 Wired in Ear Earphones with Mic (Black),27326.0,449.0,B08YYQ3WFG,"27,326 ratings
4.0 out of 5 stars","#209 in Electronics (See Top 100 in Electronics)
#64 in In-Ear Headphones",15 March 2021,Imagine Marketing Ltd,Imagine Marketing Pvt Ltd,120 x 1 x 1 Centimeters,1 Piece,Bassheads 105,
