Name,ASIN,Customer Reviews,Best Sellers Rank,Date First Available,Manufacturer,Item Dimensions LxWxH,Net Quantity,Generic Name,No.of ratings,Price,Packer,Importer
"(Renewed) Lava Hero 600i (Sapphire Blue) with Sleek and Stylish Design, 10 Regional Languages Input Support, Auto Call Recording, Wireless FM with Recording and 32 GB Expandable Storage",B0BLCCFVXL,"7 ratings
3.5 out of 5 stars","#72,531 in Electronics (See Top 100 in Electronics)
#394 in Basic Mobiles",3 November 2022,Lava International,11.1 x 4.8 x 1.5 Centimeters,1 Count,Basic Mobile,7.0,N.A,,
"iQOO Z6 44W by vivo (Raven Black, 4GB RAM, 128GB Storage) | 6.44"" FHD+ AMOLED Display | 50% Charge in just 27 mins | in-Display Fingerprint Scanning",B07WGPKTS4,"20,580 ratings
4.1 out of 5 stars","#666 in Electronics (See Top 100 in Electronics)
#75 in Smartphones",29 April 2022,"vivo, Vivo Mobile India Pvt Ltd, Tech-1 and Tech-2, World Trade Centre, Plot no-TZ-13A, Techzone (I.T. Park), Greater Noida, Uttar Pradesh, India. Pin - 201308",16.1 x 7.4 x 0.8 Centimeters,1 Count,Smartphone,20580.0,14499.0,Vivo Mobile India Pvt Ltd,Vivo Mobile India Pvt Ltd
"OPPO A31 (Mystery Black, 6GB RAM, 128GB Storage) with No Cost EMI/Additional Exchange Offers",B08444S68L,"58,867 ratings
4.2 out of 5 stars","#348 in Electronics (See Top 100 in Electronics)
#48 in Smartphones",22 January 2020,"OPPO Mobiles India Pvt. Ltd., OPPO Mobiles India Pvt Ltd, 5th FLOOR, Tower B, BUILDING, N-8, DLF Cyber City, DLF Phase 2,Gurugram, Haryana 122002 Tel - 18001032777",16.4 x 0.8 x 7.6 Centimeters,1 U,Smartphone,58867.0,12490.0,"OPPO Mobiles India Pvt Ltd, 5th FLOOR, Tower B, BUILDING, N-8, DLF Cyber City, DLF Phase 2,Gurugram, Haryana 122002 Tel - 18001032777","OPPO Mobiles India Pvt Ltd, 5th FLOOR, Tower B, BUILDING, N-8, DLF Cyber City, DLF Phase 2,Gurugram, Haryana 122002 Tel - 18001032777"
"Lava Hero 600i (Sapphire Blue) with Sleek and Stylish Design, 10 Regional Languages Input Support, Auto Call Recording, Wireless FM with Recording and 32 GB Expandable Storage",B0BFWZTKTP,"1,663 ratings
3.8 out of 5 stars","#640 in Electronics (See Top 100 in Electronics)
#7 in Basic Mobiles",20 September 2022,"Lava International, Lava International Ltd. A-56, Sector-64, noida, 201201, UP, India",11.1 x 4.8 x 1.5 Centimeters,1 Count,Basic Mobile,1663.0,849.0,"Lava International Ltd. A-56, Sector-64, noida, 201201, UP, India","Lava International Ltd. A-56, Sector-64, noida, 201201, UP, India"
"Samsung Galaxy S20 FE 5G (Cloud Mint, 8GB RAM, 128GB Storage)",B08VB2MRF8,"28,562 ratings
4.2 out of 5 stars","#1,724 in Electronics (See Top 100 in Electronics)
#160 in Smartphones",2 March 2021,"Samsung, Samsung India Electronics Pvt ltd, 6th Floor , DLF Centre, Sansad Marg, New Delhi - 110001 . Email id: support.india@samsung.com, Tel(Toll Free): 1800 40 7267864",8 x 74 x 160 Millimeters,1 Count,Smartphones,28562.0,34990.0,"Samsung India Electronics Pvt ltd, 6th Floor , DLF Centre, Sansad Marg, New Delhi - 110001 . Email id: support.india@samsung.com, Tel(Toll Free): 1800 40 7267864",
"Redmi 9A Sport (Coral Green, 2GB RAM, 32GB Storage) | 2GHz Octa-core Helio G25 Processor | 5000 mAh Battery",B09GFLXVH9,"316,700 ratings
4.1 out of 5 stars","#102 in Electronics (See Top 100 in Electronics)
#15 in Smartphones",28 September 2021,"Redmi, Rising stars mobile India private ltd , #380,BELERICA ROAD,SRI CITY,SIDDAM AGRAHARAM VILLAGE,VARADAIAHPALEM MANDAL,CHITTOOR DISTRICT-517541,ANDHRA PRADESH",16.5 x 0.9 x 7.7 Centimeters,194 Grams,Smartphone,316700.0,6499.0,"Rising stars mobile India private ltd , #380,BELERICA ROAD,SRI CITY,SIDDAM AGRAHARAM VILLAGE,VARADAIAHPALEM MANDAL,CHITTOOR DISTRICT-517541,ANDHRA PRADESH","Xiaomi Technology India Private Limited, Building Orchid. Block E, Embassy Tech Village, Marathahalli Outer Ring Road, Devarabisanahalli, Bengaluru 560105"
"Samsung Galaxy S20 FE 5G (Cloud Mint, 8GB RAM, 128GB Storage)",B08VB2MRF8,"28,562 ratings
4.2 out of 5 stars","#1,724 in Electronics (See Top 100 in Electronics)
#160 in Smartphones",2 March 2021,"Samsung, Samsung India Electronics Pvt ltd, 6th Floor , DLF Centre, Sansad Marg, New Delhi - 110001 . Email id: support.india@samsung.com, Tel(Toll Free): 1800 40 7267864",8 x 74 x 160 Millimeters,1 Count,Smartphones,28562.0,34990.0,"Samsung India Electronics Pvt ltd, 6th Floor , DLF Centre, Sansad Marg, New Delhi - 110001 . Email id: support.india@samsung.com, Tel(Toll Free): 1800 40 7267864",
"(Renewed) Nokia 2660 Flip 4G Volte keypad Phone with Dual SIM, Dual Screen, inbuilt MP3 Player & Wireless FM Radio | Blue",B0BDWH5KW9,"25 ratings
3.6 out of 5 stars","#21 in Amazon Renewed (See Top 100 in Amazon Renewed)
#5 in Like new products by Amazon Renewed
#55 in Basic Mobiles",11 September 2022,United Telelinks Neolyncs Private Limited.,20.5 x 5.5 x 1.1 Centimeters,,Feature Phone,25.0,N.A,,
"OPPO A74 5G (Fantastic Purple,6GB RAM,128GB Storage) with No Cost EMI/Additional Exchange Offers",B08VB34KJ1,"33,562 ratings
4.2 out of 5 stars","#73 in Electronics (See Top 100 in Electronics)
#11 in Smartphones",24 April 2021,"OPPO Mobiles India, OPPO Mobiles India",16.3 x 7.5 x 0.8 Centimeters,1 Count,Smartphones,33562.0,15490.0,OPPO Mobiles India,OPPO Mobiles India
"Lava Hero 600i (Sapphire Blue) with Sleek and Stylish Design, 10 Regional Languages Input Support, Auto Call Recording, Wireless FM with Recording and 32 GB Expandable Storage",B0BFWZTKTP,"1,663 ratings
3.8 out of 5 stars","#640 in Electronics (See Top 100 in Electronics)
#7 in Basic Mobiles",20 September 2022,"Lava International, Lava International Ltd. A-56, Sector-64, noida, 201201, UP, India",11.1 x 4.8 x 1.5 Centimeters,1 Count,Basic Mobile,1663.0,849.0,"Lava International Ltd. A-56, Sector-64, noida, 201201, UP, India","Lava International Ltd. A-56, Sector-64, noida, 201201, UP, India"
"Nokia 105 Plus Single SIM, Keypad Mobile Phone with Wireless FM Radio, Memory Card Slot and MP3 Player | Red",B09YDFDVNS,"124,914 ratings
4.0 out of 5 stars","#166 in Electronics (See Top 100 in Electronics)
#3 in Basic Mobiles",20 April 2022,"Nokia, A-154C, A BLOCK, SECTOR 63, GAUTAM BUDDHA NAGAR, UTTAR PRADESH, India – 201305",11.5 x 5 x 1.4 Centimeters,1 Pack,Feature Phone,124914.0,1358.0,"A-154C, A BLOCK, SECTOR 63, GAUTAM BUDDHA NAGAR, UTTAR PRADESH, India – 201305",
"Nothing Phone (1) 5G (Black, 128 GB) (8 GB RAM)",B0BKZVF7VV,"57 ratings
4.0 out of 5 stars","#1,553 in Electronics (See Top 100 in Electronics)
#147 in Smartphones",31 October 2022,BYD (INDIA) PRIVATE LTD,17 x 16 x 1 Centimeters,,,57.0,29290.0,,
Redmi Note 12 5G Matte Black 4GB RAM 128GB ROM | 1st Phone with 120Hz Super AMOLED and Snapdragon® 4 Gen 1 | 48MP AI Triple Camera,B0BQ3MMPX6,"683 ratings
3.4 out of 5 stars","#807 in Electronics (See Top 100 in Electronics)
#84 in Smartphones",6 January 2023,"Redmi, Bharat FIH limited , #380,BELERICA ROAD,SRI CITY,SIDDAM AGRAHARAM VILLAGE,VARADAIAHPALEM MANDAL,CHITTOOR DISTRICT-517541,ANDHRA PRADESH",16.6 x 0.8 x 7.6 Centimeters,188 Grams,Smartphone,683.0,17999.0,"Bharat FIH limited , #380,BELERICA ROAD,SRI CITY,SIDDAM AGRAHARAM VILLAGE,VARADAIAHPALEM MANDAL,CHITTOOR DISTRICT-517541,ANDHRA PRADESH","Xiaomi Technology India Private Limited, Building Orchid. Block E, Embassy Tech Village, Marathahalli Outer Ring Road, Devarabisanahalli, Bengaluru 560103"
"Nokia 105 Single SIM, Keypad Mobile Phone with Wireless FM Radio | Charcoal",B09V2Q4QVQ,"3,471 ratings
3.8 out of 5 stars","#676 in Electronics (See Top 100 in Electronics)
#8 in Basic Mobiles",8 March 2022,"BHARAT FIH LIMITED, For and on behalf of HMD Mobile India Private Limited",11.5 x 5 x 1.4 Centimeters,1 Piece,Feature Phone,3471.0,N.A,BHARAT FIH LIMITED,For and on behalf of HMD Mobile India Private Limited
"OPPO A74 5G (Fluid Black, 6GB RAM, 128GB Storage) with No Cost EMI/Additional Exchange Offers",B08VB2CMR3,"33,562 ratings
4.2 out of 5 stars","#221 in Electronics (See Top 100 in Electronics)
#30 in Smartphones",24 April 2021,"OPPO Mobiles India, OPPO Mobiles India",16.3 x 7.5 x 0.8 Centimeters,1 Count,Smartphones,33562.0,15490.0,OPPO Mobiles India,OPPO Mobiles India
"Redmi A1 (Black, 2GB RAM, 32GB Storage) | Segment Best AI Dual Cam | 5000mAh Battery | Leather Texture Design | Android 12",B0BBN56J5H,"9,198 ratings
4.0 out of 5 stars","#128 in Electronics (See Top 100 in Electronics)
#18 in Smartphones",9 September 2022,"Redmi, DBG Technology (India) Pvt Ltd , PLOT NO-2, BAWAL, SECTOR-8, Rewari, Haryana, 123501",16.5 x 0.9 x 7.7 Centimeters,192 Grams,Smartphone,9198.0,6499.0,"DBG Technology (India) Pvt Ltd , PLOT NO-2, BAWAL, SECTOR-8, Rewari, Haryana, 123501","Xiaomi Technology India Private Limited, Building Orchid. Block E, Embassy Tech Village, Marathahalli Outer Ring Road, Devarabisanahalli, Bengaluru 560103"
"Nokia 2660 Flip 4G Volte keypad Phone with Dual SIM, Dual Screen, inbuilt MP3 Player & Wireless FM Radio | Blue",B0B9YG883G,"662 ratings
3.7 out of 5 stars","#1,256 in Electronics (See Top 100 in Electronics)
#20 in Basic Mobiles",17 August 2022,"United Telelinks Neolyncs Private Limited., United Telelinks Neolyncs Private Limited. 58 Bock A, Park Line, Sector 64, Noida, Gautam Buddha Nagar, Uttar Pradesh, 201301, India",20.5 x 5.5 x 1.1 Centimeters,,Feature Phone,662.0,4499.0,"United Telelinks Neolyncs Private Limited. 58 Bock A, Park Line, Sector 64, Noida, Gautam Buddha Nagar, Uttar Pradesh, 201301, India",
"Redmi A1 (Black, 2GB RAM, 32GB Storage) | Segment Best AI Dual Cam | 5000mAh Battery | Leather Texture Design | Android 12",B0BBN56J5H,"9,198 ratings
4.0 out of 5 stars","#128 in Electronics (See Top 100 in Electronics)
#18 in Smartphones",9 September 2022,"Redmi, DBG Technology (India) Pvt Ltd , PLOT NO-2, BAWAL, SECTOR-8, Rewari, Haryana, 123501",16.5 x 0.9 x 7.7 Centimeters,192 Grams,Smartphone,9198.0,6499.0,"DBG Technology (India) Pvt Ltd , PLOT NO-2, BAWAL, SECTOR-8, Rewari, Haryana, 123501","Xiaomi Technology India Private Limited, Building Orchid. Block E, Embassy Tech Village, Marathahalli Outer Ring Road, Devarabisanahalli, Bengaluru 560103"
"Redmi A1 (Light Blue, 2GB RAM, 32GB Storage) | Segment Best AI Dual Cam | 5000mAh Battery | Leather Texture Design | Android 12",B0BBN4DZBD,"9,198 ratings
4.0 out of 5 stars","#77 in Electronics (See Top 100 in Electronics)
#12 in Smartphones",9 September 2022,"Redmi, DBG Technology (India) Pvt Ltd , PLOT NO-2, BAWAL, SECTOR-8, Rewari, Haryana, 123501",16.5 x 0.9 x 7.7 Centimeters,192 Grams,Smartphone,9198.0,6499.0,"DBG Technology (India) Pvt Ltd , PLOT NO-2, BAWAL, SECTOR-8, Rewari, Haryana, 123501","Xiaomi Technology India Private Limited, Building Orchid. Block E, Embassy Tech Village, Marathahalli Outer Ring Road, Devarabisanahalli, Bengaluru 560103"
"Redmi A1 (Light Blue, 2GB RAM, 32GB Storage) | Segment Best AI Dual Cam | 5000mAh Battery | Leather Texture Design | Android 12",B0BBN4DZBD,"9,198 ratings
4.0 out of 5 stars","#77 in Electronics (See Top 100 in Electronics)
#12 in Smartphones",9 September 2022,"Redmi, DBG Technology (India) Pvt Ltd , PLOT NO-2, BAWAL, SECTOR-8, Rewari, Haryana, 123501",16.5 x 0.9 x 7.7 Centimeters,192 Grams,Smartphone,9198.0,6499.0,"DBG Technology (India) Pvt Ltd , PLOT NO-2, BAWAL, SECTOR-8, Rewari, Haryana, 123501","Xiaomi Technology India Private Limited, Building Orchid. Block E, Embassy Tech Village, Marathahalli Outer Ring Road, Devarabisanahalli, Bengaluru 560103"
"Nokia 2660 Flip 4G Volte keypad Phone with Dual SIM, Dual Screen, inbuilt MP3 Player & Wireless FM Radio | Blue",B0B9YG883G,"662 ratings
3.7 out of 5 stars","#1,256 in Electronics (See Top 100 in Electronics)
#20 in Basic Mobiles",17 August 2022,"United Telelinks Neolyncs Private Limited., United Telelinks Neolyncs Private Limited. 58 Bock A, Park Line, Sector 64, Noida, Gautam Buddha Nagar, Uttar Pradesh, 201301, India",20.5 x 5.5 x 1.1 Centimeters,,Feature Phone,662.0,4499.0,"United Telelinks Neolyncs Private Limited. 58 Bock A, Park Line, Sector 64, Noida, Gautam Buddha Nagar, Uttar Pradesh, 201301, India",
"Nokia 105 Single SIM, Keypad Mobile Phone with Wireless FM Radio | Blue",B09V2PZDX8,"1,474 ratings
3.8 out of 5 stars","#153 in Electronics (See Top 100 in Electronics)
#2 in Basic Mobiles",8 March 2022,"BHARAT FIH LIMITED, For and on behalf of HMD Mobile India Private Limited",11.5 x 5 x 1.4 Centimeters,1 Piece,Feature Phone,1474.0,1299.0,BHARAT FIH LIMITED,For and on behalf of HMD Mobile India Private Limited
"Nokia 105 Plus Single SIM, Keypad Mobile Phone with Wireless FM Radio, Memory Card Slot and MP3 Player | Red",B09YDFDVNS,"124,914 ratings
4.0 out of 5 stars","#166 in Electronics (See Top 100 in Electronics)
#3 in Basic Mobiles",20 April 2022,"Nokia, A-154C, A BLOCK, SECTOR 63, GAUTAM BUDDHA NAGAR, UTTAR PRADESH, India – 201305",11.5 x 5 x 1.4 Centimeters,1 Pack,Feature Phone,124914.0,1358.0,"A-154C, A BLOCK, SECTOR 63, GAUTAM BUDDHA NAGAR, UTTAR PRADESH, India – 201305",
"(Renewed) Redmi A1 (Light Blue, 2GB RAM, 32GB Storage) | Segment Best AI Dual Cam | 5000mAh Battery | Leather Texture Design | Android 12",B0BPLMWGCY,"3 ratings
2.5 out of 5 stars","#8,387 in Electronics (See Top 100 in Electronics)
#471 in Smartphones",9 December 2022,Redmi,16.5 x 0.9 x 7.7 Centimeters,192 Grams,Smartphone,3.0,N.A,,
"Nokia 105 Plus Single SIM, Keypad Mobile Phone with Wireless FM Radio, Memory Card Slot and MP3 Player | Charcoal",B09YDFKJF8,"124,914 ratings
4.0 out of 5 stars","#76 in Electronics (See Top 100 in Electronics)
#1 in Basic Mobiles",20 April 2022,"Nokia, A-154C, A BLOCK, SECTOR 63, GAUTAM BUDDHA NAGAR, UTTAR PRADESH, India – 201305",11.5 x 5 x 1.4 Centimeters,1 Pack,Feature Phone,124914.0,1358.0,"A-154C, A BLOCK, SECTOR 63, GAUTAM BUDDHA NAGAR, UTTAR PRADESH, India – 201305",
"Nokia 105 Plus Single SIM, Keypad Mobile Phone with Wireless FM Radio, Memory Card Slot and MP3 Player | Charcoal",B09YDFKJF8,"124,914 ratings
4.0 out of 5 stars","#76 in Electronics (See Top 100 in Electronics)
#1 in Basic Mobiles",20 April 2022,"Nokia, A-154C, A BLOCK, SECTOR 63, GAUTAM BUDDHA NAGAR, UTTAR PRADESH, India – 201305",11.5 x 5 x 1.4 Centimeters,1 Pack,Feature Phone,124914.0,1358.0,"A-154C, A BLOCK, SECTOR 63, GAUTAM BUDDHA NAGAR, UTTAR PRADESH, India – 201305",
"Redmi 9A Sport (Coral Green, 2GB RAM, 32GB Storage) | 2GHz Octa-core Helio G25 Processor | 5000 mAh Battery",B09GFLXVH9,"316,700 ratings
4.1 out of 5 stars","#102 in Electronics (See Top 100 in Electronics)
#15 in Smartphones",28 September 2021,"Redmi, Rising stars mobile India private ltd , #380,BELERICA ROAD,SRI CITY,SIDDAM AGRAHARAM VILLAGE,VARADAIAHPALEM MANDAL,CHITTOOR DISTRICT-517541,ANDHRA PRADESH",16.5 x 0.9 x 7.7 Centimeters,194 Grams,Smartphone,316700.0,6499.0,"Rising stars mobile India private ltd , #380,BELERICA ROAD,SRI CITY,SIDDAM AGRAHARAM VILLAGE,VARADAIAHPALEM MANDAL,CHITTOOR DISTRICT-517541,ANDHRA PRADESH","Xiaomi Technology India Private Limited, Building Orchid. Block E, Embassy Tech Village, Marathahalli Outer Ring Road, Devarabisanahalli, Bengaluru 560105"
"iQOO Z6 44W by vivo (Raven Black, 4GB RAM, 128GB Storage) | 6.44"" FHD+ AMOLED Display | 50% Charge in just 27 mins | in-Display Fingerprint Scanning",B07WGPKTS4,"20,580 ratings
4.1 out of 5 stars","#666 in Electronics (See Top 100 in Electronics)
#75 in Smartphones",29 April 2022,"vivo, Vivo Mobile India Pvt Ltd, Tech-1 and Tech-2, World Trade Centre, Plot no-TZ-13A, Techzone (I.T. Park), Greater Noida, Uttar Pradesh, India. Pin - 201308",16.1 x 7.4 x 0.8 Centimeters,1 Count,Smartphone,20580.0,14499.0,vivo Mobile India Pvt Ltd,vivo Mobile India Pvt Ltd
"Samsung Galaxy M13 5G (Midnight Blue, 4GB, 64GB Storage) | 5000mAh Battery | Upto 8GB RAM with RAM Plus",B0B4F1YC3J,"20,862 ratings
4.1 out of 5 stars","#143 in Electronics (See Top 100 in Electronics)
#21 in Smartphones",16 July 2022,"Samsung, Samsung India Electronics Pvt ltd, 6th Floor , DLF Centre, Sansad Marg, New Delhi - 110001 . Email id: support.india@samsung.com, Tel(Toll Free): 1800 40 7267864",9 x 77 x 165 Millimeters,1 Count,Smartphone,20862.0,11999.0,"Samsung India Electronics Pvt ltd, 6th Floor , DLF Centre, Sansad Marg, New Delhi - 110001 . Email id: support.india@samsung.com, Tel(Toll Free): 1800 40 7267864","Samsung India Electronics Pvt ltd, 6th Floor , DLF Centre, Sansad Marg, New Delhi - 110001 . Email id: support.india@samsung.com, Tel(Toll Free): 1800 40 7267864"
"Samsung Galaxy M13 5G (Midnight Blue, 4GB, 64GB Storage) | 5000mAh Battery | Upto 8GB RAM with RAM Plus",B0B4F1YC3J,"20,862 ratings
4.1 out of 5 stars","#143 in Electronics (See Top 100 in Electronics)
#21 in Smartphones",16 July 2022,"Samsung, Samsung India Electronics Pvt ltd, 6th Floor , DLF Centre, Sansad Marg, New Delhi - 110001 . Email id: support.india@samsung.com, Tel(Toll Free): 1800 40 7267864",9 x 77 x 165 Millimeters,1 Count,Smartphone,20862.0,11999.0,"Samsung India Electronics Pvt ltd, 6th Floor , DLF Centre, Sansad Marg, New Delhi - 110001 . Email id: support.india@samsung.com, Tel(Toll Free): 1800 40 7267864","Samsung India Electronics Pvt ltd, 6th Floor , DLF Centre, Sansad Marg, New Delhi - 110001 . Email id: support.india@samsung.com, Tel(Toll Free): 1800 40 7267864"
"OPPO A74 5G (Fluid Black, 6GB RAM, 128GB Storage) with No Cost EMI/Additional Exchange Offers",B08VB2CMR3,"33,562 ratings
4.2 out of 5 stars","#221 in Electronics (See Top 100 in Electronics)
#30 in Smartphones",24 April 2021,"OPPO Mobiles India, OPPO Mobiles India",16.3 x 7.5 x 0.8 Centimeters,1 Count,Smartphones,33562.0,15490.0,OPPO Mobiles India,OPPO Mobiles India
"Nokia 105 Single SIM, Keypad Mobile Phone with Wireless FM Radio | Blue",B09V2PZDX8,"1,474 ratings
3.8 out of 5 stars","#153 in Electronics (See Top 100 in Electronics)
#2 in Basic Mobiles",8 March 2022,"BHARAT FIH LIMITED, For and on behalf of HMD Mobile India Private Limited",11.5 x 5 x 1.4 Centimeters,1 Piece,Feature Phone,1474.0,1299.0,BHARAT FIH LIMITED,For and on behalf of HMD Mobile India Private Limited
"(Renewed) Oppo A31 (Mystery Black, 6GB RAM, 128GB Storage) with No Cost EMI/Additional Exchange Offers",B08CC2LPPV,"292 ratings
3.8 out of 5 stars",,4 July 2020,OPPO Mobiles India Pvt. Ltd.,16.4 x 0.8 x 7.6 Centimeters,1.00 count,,292.0,N.A,,
"Nothing Phone (1) 5G (Black, 128 GB) (8 GB RAM)",B0BKZVF7VV,"57 ratings
4.0 out of 5 stars","#1,553 in Electronics (See Top 100 in Electronics)
#147 in Smartphones",31 October 2022,BYD (INDIA) PRIVATE LTD,17 x 16 x 1 Centimeters,,,57.0,29290.0,,
"(Renewed) Redmi A1 (Black, 2GB RAM, 32GB Storage) | Segment Best AI Dual Cam | 5000mAh Battery | Leather Texture Design | Android 12",B0BPLT4XRN,"3 ratings
2.5 out of 5 stars","#28,046 in Electronics (See Top 100 in Electronics)
#1,104 in Smartphones",9 December 2022,Redmi,16.5 x 0.9 x 7.7 Centimeters,192 Grams,Smartphone,3.0,N.A,,
"OPPO A74 5G (Fantastic Purple,6GB RAM,128GB Storage) with No Cost EMI/Additional Exchange Offers",B08VB34KJ1,"33,562 ratings
4.2 out of 5 stars","#73 in Electronics (See Top 100 in Electronics)
#11 in Smartphones",24 April 2021,"OPPO Mobiles India, OPPO Mobiles India",16.3 x 7.5 x 0.8 Centimeters,1 Count,Smartphones,33562.0,15490.0,OPPO Mobiles India,OPPO Mobiles India
Redmi Note 12 5G Matte Black 4GB RAM 128GB ROM | 1st Phone with 120Hz Super AMOLED and Snapdragon® 4 Gen 1 | 48MP AI Triple Camera,B0BQ3MMPX6,"683 ratings
3.4 out of 5 stars","#807 in Electronics (See Top 100 in Electronics)
#84 in Smartphones",6 January 2023,"Redmi, Bharat FIH limited , #380,BELERICA ROAD,SRI CITY,SIDDAM AGRAHARAM VILLAGE,VARADAIAHPALEM MANDAL,CHITTOOR DISTRICT-517541,ANDHRA PRADESH",16.6 x 0.8 x 7.6 Centimeters,188 Grams,Smartphone,683.0,17999.0,"Bharat FIH limited , #380,BELERICA ROAD,SRI CITY,SIDDAM AGRAHARAM VILLAGE,VARADAIAHPALEM MANDAL,CHITTOOR DISTRICT-517541,ANDHRA PRADESH","Xiaomi Technology India Private Limited, Building Orchid. Block E, Embassy Tech Village, Marathahalli Outer Ring Road, Devarabisanahalli, Bengaluru 560103"
"OPPO A31 (Mystery Black, 6GB RAM, 128GB Storage) with No Cost EMI/Additional Exchange Offers",B08444S68L,"58,867 ratings
4.2 out of 5 stars","#348 in Electronics (See Top 100 in Electronics)
#48 in Smartphones",22 January 2020,"OPPO Mobiles India Pvt. Ltd., OPPO Mobiles India Pvt Ltd, 5th FLOOR, Tower B, BUILDING, N-8, DLF Cyber City, DLF Phase 2,Gurugram, Haryana 122002 Tel - 18001032777",16.4 x 0.8 x 7.6 Centimeters,1 U,Smartphone,58867.0,12490.0,"OPPO Mobiles India Pvt Ltd, 5th FLOOR, Tower B, BUILDING, N-8, DLF Cyber City, DLF Phase 2,Gurugram, Haryana 122002 Tel - 18001032777","OPPO Mobiles India Pvt Ltd, 5th FLOOR, Tower B, BUILDING, N-8, DLF Cyber City, DLF Phase 2,Gurugram, Haryana 122002 Tel - 18001032777"
"Redmi Note 11 (Horizon Blue, 6GB RAM, 128GB Storage)|90Hz FHD+ AMOLED Display | Qualcomm® Snapdragon™ 680-6nm | 33W Charger Included",B09QSBF2T7,"52,247 ratings
4.1 out of 5 stars","#186 in Electronics (See Top 100 in Electronics)
#26 in Smartphones",11 January 2022,"Redmi, Bharat FIH limited , #380,BELERICA ROAD,SRI CITY,SIDDAM AGRAHARAM VILLAGE,VARADAIAHPALEM MANDAL,CHITTOOR DISTRICT-517541,ANDHRA PRADESH / DBG Technology (India) Pvt Ltd , PLOT NO-2, BAWAL, SECTOR-8, Rewari, Haryana, 123501",16 x 0.8 x 7.4 Centimeters,179 Grams,Smartphone,52247.0,14499.0,"Bharat FIH limited , #380,BELERICA ROAD,SRI CITY,SIDDAM AGRAHARAM VILLAGE,VARADAIAHPALEM MANDAL,CHITTOOR DISTRICT-517541,ANDHRA PRADESH / DBG Technology (India) Pvt Ltd , PLOT NO-2, BAWAL, SECTOR-8, Rewari, Haryana, 123501","Xiaomi Technology India Private Limited, Building Orchid. Block E, Embassy Tech Village, Marathahalli Outer Ring Road, Devarabisanahalli, Bengaluru 560103"
"Nokia 5310 Dual SIM Keypad Phone with MP3 Player, Wireless FM Radio and Rear Camera with Flash | White/Red",B08BG6FQ2S,"25,904 ratings
4.0 out of 5 stars","#581 in Electronics (See Top 100 in Electronics)
#5 in Basic Mobiles",23 June 2020,"RISING STARS MOBILE INDIA PVT LTD,, 1800 1028 169",12.4 x 5.3 x 1.3 Centimeters,1 Piece,Feature Phone,25904.0,3449.0,"RISING STARS MOBILE INDIA PVT LTD,",
"Nokia C01 Plus 4G, 5.45” HD+ Screen, Selfie Camera with Front Flash | 32GB Storage (Blue)",B09VCBGWFZ,"3,198 ratings
3.4 out of 5 stars","#2,289 in Electronics (See Top 100 in Electronics)
#193 in Smartphones",11 March 2022,"Nokia, Wingtech Mobile Communications (India) Pvt Ltd, SHED NO 11, SY NO 376/2,377/3,378/2, EMC-II,Vikruthamala, Chittoor, AP, State Name : Andhra Pradesh, Code : 37",14.8 x 7.2 x 0.9 Centimeters,1 Count,Smartphones,3198.0,5990.0,"Wingtech Mobile Communications (India) Pvt Ltd, SHED NO 11, SY NO 376/2,377/3,378/2, EMC-II,Vikruthamala, Chittoor, AP, State Name : Andhra Pradesh, Code : 37","Wingtech Mobile Communications (India) Pvt Ltd, SHED NO 11, SY NO 376/2,377/3,378/2, EMC-II,Vikruthamala, Chittoor, AP, State Name : Andhra Pradesh, Code : 37"
"Nokia 5310 Dual SIM Keypad Phone with MP3 Player, Wireless FM Radio and Rear Camera with Flash | White/Red",B08BG6FQ2S,"25,904 ratings
4.0 out of 5 stars","#581 in Electronics (See Top 100 in Electronics)
#5 in Basic Mobiles",23 June 2020,"RISING STARS MOBILE INDIA PVT LTD,, 1800 1028 169",12.4 x 5.3 x 1.3 Centimeters,1 Piece,Feature Phone,25904.0,3449.0,"RISING STARS MOBILE INDIA PVT LTD,",
"Nokia 5310 Dual SIM Keypad Phone with MP3 Player, Wireless FM Radio and Rear Camera with Flash | Black/Red",B08BG8L72Q,"25,904 ratings
4.0 out of 5 stars","#1,181 in Electronics (See Top 100 in Electronics)
#17 in Basic Mobiles",23 June 2020,"RISING STARS MOBILE INDIA PVT LTD,, 1800 1028 169",12.4 x 5.3 x 1.3 Centimeters,1 Piece,Feature Phone,25904.0,3449.0,"RISING STARS MOBILE INDIA PVT LTD,",
"(Renewed) Nokia G21 Android Smartphone, Dual SIM, 3-Day Battery Life, 6GB RAM + 128GB Storage, 50MP Triple AI Camera | Nordic Blue",B09ZNPTM3T,"79 ratings
3.7 out of 5 stars","#52 in Amazon Renewed (See Top 100 in Amazon Renewed)
#15 in Like new products by Amazon Renewed
#27 in Valentine's Day (Amazon Renewed)
#414 in Smartphones",6 May 2022,Wingtech Mobile Communications,16.5 x 7.5 x 0.8 Centimeters,1 Count,Smartphones,79.0,N.A,,
"(Renewed) Nokia 5310 (Dual Sim, Black/Red)",B08C4NT4S8,"754 ratings
3.6 out of 5 stars","#119 in Amazon Renewed (See Top 100 in Amazon Renewed)
#31 in Renewed Electronics
#32 in Like new products by Amazon Renewed
#141 in Basic Mobiles",1 July 2020,HMD Global,12.4 x 1.3 x 5.2 Centimeters,,Phone,754.0,N.A,,
"Nokia G21 Android Smartphone, Dual SIM, 3-Day Battery Life, 6GB RAM + 128GB Storage, 50MP Triple AI Camera | Nordic Blue",B09Y99VSSJ,"3,331 ratings
4.1 out of 5 stars","#1,014 in Electronics (See Top 100 in Electronics)
#102 in Smartphones",19 April 2022,"LAVA INTERNATIONAL LIMITED A -154-D, SECTOR 63, NOIDA, GAUTAM BUDH NAGAR, UTTAR PRADESH 201301, LAVA INTERNATIONAL LIMITED A -154-D, SECTOR 63, NOIDA, GAUTAM BUDH NAGAR, UTTAR PRADESH 201301",16.5 x 7.5 x 0.8 Centimeters,1 Count,Smartphones,3331.0,13499.0,"LAVA INTERNATIONAL LIMITED A -154-D, SECTOR 63, NOIDA, GAUTAM BUDH NAGAR, UTTAR PRADESH 201301",HMD MOBILE INDIA PRIVATE LIMITED
"Redmi Note 11 (Horizon Blue, 6GB RAM, 128GB Storage)|90Hz FHD+ AMOLED Display | Qualcomm® Snapdragon™ 680-6nm | 33W Charger Included",B09QSBF2T7,"52,247 ratings
4.1 out of 5 stars","#186 in Electronics (See Top 100 in Electronics)
#26 in Smartphones",11 January 2022,"Redmi, Bharat FIH limited , #380,BELERICA ROAD,SRI CITY,SIDDAM AGRAHARAM VILLAGE,VARADAIAHPALEM MANDAL,CHITTOOR DISTRICT-517541,ANDHRA PRADESH / DBG Technology (India) Pvt Ltd , PLOT NO-2, BAWAL, SECTOR-8, Rewari, Haryana, 123501",16 x 0.8 x 7.4 Centimeters,179 Grams,Smartphone,52247.0,14499.0,"Bharat FIH limited , #380,BELERICA ROAD,SRI CITY,SIDDAM AGRAHARAM VILLAGE,VARADAIAHPALEM MANDAL,CHITTOOR DISTRICT-517541,ANDHRA PRADESH / DBG Technology (India) Pvt Ltd , PLOT NO-2, BAWAL, SECTOR-8, Rewari, Haryana, 123501","Xiaomi Technology India Private Limited, Building Orchid. Block E, Embassy Tech Village, Marathahalli Outer Ring Road, Devarabisanahalli, Bengaluru 560103"
"Nokia C01 Plus 4G, 5.45” HD+ Screen, Selfie Camera with Front Flash | 32GB Storage (Blue)",B09VCBGWFZ,"3,198 ratings
3.4 out of 5 stars","#2,289 in Electronics (See Top 100 in Electronics)
#193 in Smartphones",11 March 2022,"Nokia, Wingtech Mobile Communications (India) Pvt Ltd, SHED NO 11, SY NO 376/2,377/3,378/2, EMC-II,Vikruthamala, Chittoor, AP, State Name : Andhra Pradesh, Code : 37",14.8 x 7.2 x 0.9 Centimeters,1 Count,Smartphones,3198.0,5990.0,"Wingtech Mobile Communications (India) Pvt Ltd, SHED NO 11, SY NO 376/2,377/3,378/2, EMC-II,Vikruthamala, Chittoor, AP, State Name : Andhra Pradesh, Code : 37","Wingtech Mobile Communications (India) Pvt Ltd, SHED NO 11, SY NO 376/2,377/3,378/2, EMC-II,Vikruthamala, Chittoor, AP, State Name : Andhra Pradesh, Code : 37"
"Nokia G21 Android Smartphone, Dual SIM, 3-Day Battery Life, 6GB RAM + 128GB Storage, 50MP Triple AI Camera | Nordic Blue",B09Y99VSSJ,"3,331 ratings
4.1 out of 5 stars","#1,014 in Electronics (See Top 100 in Electronics)
#102 in Smartphones",19 April 2022,"LAVA INTERNATIONAL LIMITED A -154-D, SECTOR 63, NOIDA, GAUTAM BUDH NAGAR, UTTAR PRADESH 201301, LAVA INTERNATIONAL LIMITED A -154-D, SECTOR 63, NOIDA, GAUTAM BUDH NAGAR, UTTAR PRADESH 201301",16.5 x 7.5 x 0.8 Centimeters,1 Count,Smartphones,3331.0,13499.0,"LAVA INTERNATIONAL LIMITED A -154-D, SECTOR 63, NOIDA, GAUTAM BUDH NAGAR, UTTAR PRADESH 201301",HMD MOBILE INDIA PRIVATE LIMITED
"Nokia 5310 Dual SIM Keypad Phone with MP3 Player, Wireless FM Radio and Rear Camera with Flash | Black/Red",B08BG8L72Q,"25,904 ratings
4.0 out of 5 stars","#1,181 in Electronics (See Top 100 in Electronics)
#17 in Basic Mobiles",23 June 2020,"RISING STARS MOBILE INDIA PVT LTD,, 1800 1028 169",12.4 x 5.3 x 1.3 Centimeters,1 Piece,Feature Phone,25904.0,3449.0,"RISING STARS MOBILE INDIA PVT LTD,",
"(Renewed) Nokia 5310 (Dual Sim, White/Red)",B08CB2G357,"754 ratings
3.6 out of 5 stars","#119 in Amazon Renewed (See Top 100 in Amazon Renewed)
#31 in Renewed Electronics
#32 in Like new products by Amazon Renewed
#141 in Basic Mobiles",3 July 2020,HMD Global,12.4 x 1.3 x 5.2 Centimeters,,Phone,754.0,N.A,,
"Nokia 105 Dual SIM, Keypad Mobile Phone with Wireless FM Radio | Blue",B09V2Q6Q67,"124,914 ratings
4.0 out of 5 stars","#1,782 in Electronics (See Top 100 in Electronics)
#31 in Basic Mobiles",8 March 2022,"For and on behalf of HMD Mobile India Private Limited, For and on behalf of HMD Mobile India Private Limited",11.5 x 5 x 1.4 Centimeters,1 Pack,Feature Phone,124914.0,1449.0,"BHARAT FIH LIMITED, Plot: M-2B, Sipcot Industrial Park, Kancheepuram Dist, 602106, Tamil Nadu, India",For and on behalf of HMD Mobile India Private Limited
"Nokia 110 Dual sim Keypad Phone with Wireless FM Radio, Earphone, Snake Game, Auto Call Recording | Cyan",B0B2LQM58B,"16,280 ratings
3.8 out of 5 stars","#1,438 in Electronics (See Top 100 in Electronics)
#25 in Basic Mobiles",28 May 2022,"Nokia, A-154C, A BLOCK, SECTOR 63, GAUTAM BUDDHA NAGAR, UTTAR PRADESH, India – 201305",11.5 x 5 x 1.4 Centimeters,1 Piece,Feature Phone,16280.0,1598.0,"A-154C, A BLOCK, SECTOR 63, GAUTAM BUDDHA NAGAR, UTTAR PRADESH, India – 201305",
"Nokia 110 Dual sim Keypad Phone with Wireless FM Radio, Earphone, Snake Game, Auto Call Recording | Cyan",B0B2LQM58B,"16,280 ratings
3.8 out of 5 stars","#1,438 in Electronics (See Top 100 in Electronics)
#25 in Basic Mobiles",28 May 2022,"Nokia, A-154C, A BLOCK, SECTOR 63, GAUTAM BUDDHA NAGAR, UTTAR PRADESH, India – 201305",11.5 x 5 x 1.4 Centimeters,1 Piece,Feature Phone,16280.0,1598.0,"A-154C, A BLOCK, SECTOR 63, GAUTAM BUDDHA NAGAR, UTTAR PRADESH, India – 201305",
"Nokia 105 Dual SIM, Keypad Mobile Phone with Wireless FM Radio | Blue",B09V2Q6Q67,"124,914 ratings
4.0 out of 5 stars","#1,782 in Electronics (See Top 100 in Electronics)
#31 in Basic Mobiles",8 March 2022,"For and on behalf of HMD Mobile India Private Limited, For and on behalf of HMD Mobile India Private Limited",11.5 x 5 x 1.4 Centimeters,1 Pack,Feature Phone,124914.0,1449.0,"BHARAT FIH LIMITED, Plot: M-2B, Sipcot Industrial Park, Kancheepuram Dist, 602106, Tamil Nadu, India",For and on behalf of HMD Mobile India Private Limited
"Vivo Y16 (Drizzling Gold, 3GB RAM, 32GB Storage) with No Cost EMI/Additional Exchange Offers",B07WDKLN4T,"56 ratings
4.0 out of 5 stars","#2,082 in Electronics (See Top 100 in Electronics)
#181 in Smartphones",26 September 2022,"vivo, vivo Mobile India Pvt Ltd Tech-1 and Tech-2, World Trade Centre, Plot no-TZ-13A, Techzone (I.T. Park), Greater Noida, Uttar Pradesh, India. Pin - 201308",16.4 x 7.6 x 0.8 Centimeters,1 Count,Mobile,56.0,9999.0,"Vivo Mobile India Pvt Ltd Tech-1 and Tech-2, World Trade Centre, Plot no-TZ-13A, Techzone (I.T. Park), Greater Noida, Uttar Pradesh, India. Pin - 201308",Vivo Mobile India Pvt Ltd
"Vivo Y16 (Drizzling Gold, 3GB RAM, 32GB Storage) with No Cost EMI/Additional Exchange Offers",B07WDKLN4T,"56 ratings
4.0 out of 5 stars","#2,082 in Electronics (See Top 100 in Electronics)
#181 in Smartphones",26 September 2022,"vivo, vivo Mobile India Pvt Ltd Tech-1 and Tech-2, World Trade Centre, Plot no-TZ-13A, Techzone (I.T. Park), Greater Noida, Uttar Pradesh, India. Pin - 201308",16.4 x 7.6 x 0.8 Centimeters,1 Count,Mobile,56.0,9999.0,"Vivo Mobile India Pvt Ltd Tech-1 and Tech-2, World Trade Centre, Plot no-TZ-13A, Techzone (I.T. Park), Greater Noida, Uttar Pradesh, India. Pin - 201308",Vivo Mobile India Pvt Ltd
"Redmi 10 Power (Power Black, 8GB RAM, 128GB Storage)",B09Y64H8VS,"492 ratings
4.1 out of 5 stars","#38 in Electronics (See Top 100 in Electronics)
#6 in Smartphones",18 April 2022,,17 x 0.9 x 7.7 Centimeters,203 Grams,,492.0,11999.0,,
"Redmi 10 Power (Power Black, 8GB RAM, 128GB Storage)",B09Y64H8VS,"492 ratings
4.1 out of 5 stars","#38 in Electronics (See Top 100 in Electronics)
#6 in Smartphones",18 April 2022,,17 x 0.9 x 7.7 Centimeters,203 Grams,,492.0,11999.0,,
"OnePlus Nord CE 2 Lite 5G (Blue Tide, 6GB RAM, 128GB Storage)",B09WQYFLRX,"109,634 ratings
4.3 out of 5 stars","#4 in Electronics (See Top 100 in Electronics)
#1 in Smartphones",1 January 2023,"Oppo Mobiles India Private Limited, OPPO Mobiles India Private Limited PLOT-NO.1, SECTOR ECOTECH-VII, GREATER, NOIDA, UTTAR PRADESH, India-201306 OnePlus Customer Service: 1800 102 8411 (toll Free)",7.6 x 0.9 x 16.4 Centimeters,1 Piece,Smartphone,109634.0,18999.0,Oppo Mobiles India Private Limited,Oppo Mobiles India Private Limited
"Xiaomi Redmi 10 Power (Sporty Orange, 8GB RAM, 128GB Storage)",B09Y5WPXGW,"330 ratings
4.0 out of 5 stars","#131 in Electronics (See Top 100 in Electronics)
#19 in Smartphones",18 April 2022,,17 x 0.9 x 7.7 Centimeters,203 Grams,,330.0,11999.0,,
"Vivo Y02 (Orchid Blue, 3GB RAM, 32GB Storage) with No Cost EMI/Additional Exchange Offers",B07WJV4JT6,"15 ratings
3.7 out of 5 stars","#3,088 in Electronics (See Top 100 in Electronics)
#228 in Smartphones",1 December 2022,"vivo, vivo Mobile India Pvt Ltd Tech-1 and Tech-2, World Trade Centre, Plot no-TZ-13A, Techzone (I.T. Park), Greater Noida, Uttar Pradesh, India. Pin - 201308",16.4 x 7.6 x 0.8 Centimeters,1 Count,Mobile,15.0,8999.0,"Vivo Mobile India Pvt Ltd Tech-1 and Tech-2, World Trade Centre, Plot no-TZ-13A, Techzone (I.T. Park), Greater Noida, Uttar Pradesh, India. Pin - 201308",Vivo Mobile India Pvt Ltd
"Redmi Note 11T 5G (Matte Black, 6GB RAM, 128GB ROM)| Dimensity 810 5G | 33W Pro Fast Charging | Charger Included | Additional Exchange Offers|Get 2 Months of YouTube Premium Free!",B09LHYZ3GJ,"32,802 ratings
4.1 out of 5 stars","#1,507 in Electronics (See Top 100 in Electronics)
#143 in Smartphones",2 October 2021,"Redmi, DBG Technology (India) Pvt Ltd , PLOT NO-2, BAWAL, SECTOR-8, Rewari, Haryana, 123501",16.4 x 0.9 x 7.6 Centimeters,1 Count,Smartphone,32802.0,16999.0,"DBG Technology (India) Pvt Ltd , PLOT NO-2, BAWAL, SECTOR-8, Rewari, Haryana, 123501","Xiaomi Technology India Private Limited, Building Orchid. Block E, Embassy Tech Village, Marathahalli Outer Ring Road, Devarabisanahalli, Bengaluru 560103"
"Xiaomi Redmi 10 Power (Sporty Orange, 8GB RAM, 128GB Storage)",B09Y5WPXGW,"330 ratings
4.0 out of 5 stars","#131 in Electronics (See Top 100 in Electronics)
#19 in Smartphones",18 April 2022,,17 x 0.9 x 7.7 Centimeters,203 Grams,,330.0,11999.0,,
"Vivo Y02 (Orchid Blue, 3GB RAM, 32GB Storage) with No Cost EMI/Additional Exchange Offers",B07WJV4JT6,"15 ratings
3.7 out of 5 stars","#3,088 in Electronics (See Top 100 in Electronics)
#228 in Smartphones",1 December 2022,"vivo, vivo Mobile India Pvt Ltd Tech-1 and Tech-2, World Trade Centre, Plot no-TZ-13A, Techzone (I.T. Park), Greater Noida, Uttar Pradesh, India. Pin - 201308",16.4 x 7.6 x 0.8 Centimeters,1 Count,Mobile,15.0,8999.0,"Vivo Mobile India Pvt Ltd Tech-1 and Tech-2, World Trade Centre, Plot no-TZ-13A, Techzone (I.T. Park), Greater Noida, Uttar Pradesh, India. Pin - 201308",Vivo Mobile India Pvt Ltd
"(Renewed) Nokia 215 4G Dual SIM 4G Phone with Long Battery Life, Multiplayer Games, Wireless FM Radio and Durable Ergonomic Design – Black",B08QGJGD94,"255 ratings
3.4 out of 5 stars","#24,022 in Electronics (See Top 100 in Electronics)
#198 in Basic Mobiles",13 December 2020,RISING STARS MOBILE INDIA PVT LTD,12.5 x 5.1 x 1.4 Centimeters,1 Count,4G Feature Phone,255.0,N.A,,
"Redmi Note 11T 5G (Matte Black, 6GB RAM, 128GB ROM)| Dimensity 810 5G | 33W Pro Fast Charging | Charger Included | Additional Exchange Offers|Get 2 Months of YouTube Premium Free!",B09LHYZ3GJ,"32,802 ratings
4.1 out of 5 stars","#1,507 in Electronics (See Top 100 in Electronics)
#143 in Smartphones",2 October 2021,"Redmi, DBG Technology (India) Pvt Ltd , PLOT NO-2, BAWAL, SECTOR-8, Rewari, Haryana, 123501",16.4 x 0.9 x 7.6 Centimeters,1 Count,Smartphone,32802.0,16999.0,"DBG Technology (India) Pvt Ltd , PLOT NO-2, BAWAL, SECTOR-8, Rewari, Haryana, 123501","Xiaomi Technology India Private Limited, Building Orchid. Block E, Embassy Tech Village, Marathahalli Outer Ring Road, Devarabisanahalli, Bengaluru 560103"
"Nokia 215 4G Dual SIM 4G Keypad Phone with Long Battery Life, Multiplayer Games, Wireless FM Radio and Durable Ergonomic Design | Black",B08MVYVBD6,"6,315 ratings
3.5 out of 5 stars","#1,247 in Electronics (See Top 100 in Electronics)
#19 in Basic Mobiles",4 November 2020,"RISING STARS MOBILE INDIA PVT LTD, RISING STARS MOBILE INDIA PVT LTD, Plot: M-2B, Sipcot Industrial Park, Phase-2, Hi Tech SEZ DTA Area, Chennai-Bangalore Highway(NH4), Sunguvarchatram, Kancheepuram Dist, 602106, Tamil Nadu, India",12.5 x 5.1 x 1.4 Centimeters,1 Count,4G Feature Phone,6315.0,3099.0,"RISING STARS MOBILE INDIA PVT LTD, Plot: M-2B, Sipcot Industrial Park, Phase-2, Hi Tech SEZ DTA Area, Chennai-Bangalore Highway(NH4), Sunguvarchatram, Kancheepuram Dist, 602106, Tamil Nadu, India",
"Nokia 215 4G Dual SIM 4G Keypad Phone with Long Battery Life, Multiplayer Games, Wireless FM Radio and Durable Ergonomic Design | Black",B08MVYVBD6,"6,315 ratings
3.5 out of 5 stars","#1,247 in Electronics (See Top 100 in Electronics)
#19 in Basic Mobiles",4 November 2020,"RISING STARS MOBILE INDIA PVT LTD, RISING STARS MOBILE INDIA PVT LTD, Plot: M-2B, Sipcot Industrial Park, Phase-2, Hi Tech SEZ DTA Area, Chennai-Bangalore Highway(NH4), Sunguvarchatram, Kancheepuram Dist, 602106, Tamil Nadu, India",12.5 x 5.1 x 1.4 Centimeters,1 Count,4G Feature Phone,6315.0,3099.0,"RISING STARS MOBILE INDIA PVT LTD, Plot: M-2B, Sipcot Industrial Park, Phase-2, Hi Tech SEZ DTA Area, Chennai-Bangalore Highway(NH4), Sunguvarchatram, Kancheepuram Dist, 602106, Tamil Nadu, India",
"OnePlus Nord CE 2 Lite 5G (Blue Tide, 6GB RAM, 128GB Storage)",B09WQYFLRX,"109,634 ratings
4.3 out of 5 stars","#4 in Electronics (See Top 100 in Electronics)
#1 in Smartphones",1 January 2023,"Oppo Mobiles India Private Limited, OPPO Mobiles India Private Limited PLOT-NO.1, SECTOR ECOTECH-VII, GREATER, NOIDA, UTTAR PRADESH, India-201306 OnePlus Customer Service: 1800 102 8411 (toll Free)",7.6 x 0.9 x 16.4 Centimeters,1 Piece,Smartphone,109634.0,18999.0,Oppo Mobiles India Private Limited,Oppo Mobiles India Private Limited
"Nokia 215 4G Dual SIM 4G Phone with Long Battery Life, Multiplayer Games, Wireless FM Radio and Durable Ergonomic Design | Cyan Green",B08MVWSL9C,"6,315 ratings
3.5 out of 5 stars","#1,404 in Electronics (See Top 100 in Electronics)
#24 in Basic Mobiles",4 November 2020,"RISING STARS MOBILE INDIA PVT LTD, RISING STARS MOBILE INDIA PVT LTD, Plot: M-2B, Sipcot Industrial Park, Phase-2, Hi Tech SEZ DTA Area, Chennai-Bangalore Highway(NH4), Sunguvarchatram, Kancheepuram Dist, 602106, Tamil Nadu, India",12.5 x 5.1 x 1.4 Centimeters,1 Count,4G Feature Phone,6315.0,3249.0,"RISING STARS MOBILE INDIA PVT LTD, Plot: M-2B, Sipcot Industrial Park, Phase-2, Hi Tech SEZ DTA Area, Chennai-Bangalore Highway(NH4), Sunguvarchatram, Kancheepuram Dist, 602106, Tamil Nadu, India",
"iQOO Z6 Pro 5G by vivo (Phantom Dusk, 12GB RAM, 256GB Storage) | Snapdragon 778G 5G | 66W FlashCharge | 1300 nits Peak Brightness | HDR10+",B07WHRNJJN,"10,062 ratings
4.3 out of 5 stars","#1,104 in Electronics (See Top 100 in Electronics)
#108 in Smartphones",3 May 2022,"vivo, Vivo Mobile India Pvt Ltd, Tech-1 and Tech-2, World Trade Centre, Plot no-TZ-13A, Techzone (I.T. Park), Greater Noida, Uttar Pradesh, India. Pin - 201308",16 x 7.4 x 0.8 Centimeters,1 Count,Smartphone,10062.0,27999.0,vivo Mobile India Pvt Ltd,vivo Mobile India Pvt Ltd
"(Renewed) Samsung Galaxy M13 (Aqua Green, 6GB, 128GB Storage) | 6000mAh Battery | Upto 12GB RAM with RAM Plus",B0BGBDXJFQ,"41 ratings
3.2 out of 5 stars","#40 in Amazon Renewed (See Top 100 in Amazon Renewed)
#24 in Valentine's Day (Amazon Renewed)
#337 in Smartphones",24 September 2022,Samsung,9 x 77 x 165 Millimeters,1 Count,Smartphone,41.0,N.A,,
"Redmi 11 Prime 5G (Chrome Silver, 4GB RAM 64GB ROM) | Prime Design | MTK Dimensity 700 | 50 MP Dual Cam | 5000mAh | 7 Band 5G",B0BBFKYH4N,"2,766 ratings
3.9 out of 5 stars","#632 in Electronics (See Top 100 in Electronics)
#72 in Smartphones",9 September 2022,"Redmi, Bharat FIH limited , #380,BELERICA ROAD,SRI CITY,SIDDAM AGRAHARAM VILLAGE,VARADAIAHPALEM MANDAL,CHITTOOR DISTRICT-517541,ANDHRA PRADESH",16.4 x 0.9 x 7.6 Centimeters,200 Grams,Smartphone,2766.0,13999.0,"Bharat FIH limited , #380,BELERICA ROAD,SRI CITY,SIDDAM AGRAHARAM VILLAGE,VARADAIAHPALEM MANDAL,CHITTOOR DISTRICT-517541,ANDHRA PRADESH","Xiaomi Technology India Private Limited, Building Orchid. Block E, Embassy Tech Village, Marathahalli Outer Ring Road, Devarabisanahalli, Bengaluru 560103"
"Samsung Galaxy M13 (Aqua Green, 6GB, 128GB Storage) | 6000mAh Battery | Upto 12GB RAM with RAM Plus",B0B4F2XCK3,"20,862 ratings
4.1 out of 5 stars","#783 in Electronics (See Top 100 in Electronics)
#80 in Smartphones",16 July 2022,"Samsung, Samsung India Electronics Pvt ltd, 6th Floor , DLF Centre, Sansad Marg, New Delhi - 110001 . Email id: support.india@samsung.com, Tel(Toll Free): 1800 40 7267864",9 x 77 x 165 Millimeters,1 Count,Smartphone,20862.0,12999.0,"Samsung India Electronics Pvt ltd, 6th Floor , DLF Centre, Sansad Marg, New Delhi - 110001 . Email id: support.india@samsung.com, Tel(Toll Free): 1800 40 7267864","Samsung India Electronics Pvt ltd, 6th Floor , DLF Centre, Sansad Marg, New Delhi - 110001 . Email id: support.india@samsung.com, Tel(Toll Free): 1800 40 7267864"
"Redmi 11 Prime 5G (Chrome Silver, 4GB RAM 64GB ROM) | Prime Design | MTK Dimensity 700 | 50 MP Dual Cam | 5000mAh | 7 Band 5G",B0BBFKYH4N,"2,766 ratings
3.9 out of 5 stars","#632 in Electronics (See Top 100 in Electronics)
#72 in Smartphones",9 September 2022,"Redmi, Bharat FIH limited , #380,BELERICA ROAD,SRI CITY,SIDDAM AGRAHARAM VILLAGE,VARADAIAHPALEM MANDAL,CHITTOOR DISTRICT-517541,ANDHRA PRADESH",16.4 x 0.9 x 7.6 Centimeters,200 Grams,Smartphone,2766.0,13999.0,"Bharat FIH limited , #380,BELERICA ROAD,SRI CITY,SIDDAM AGRAHARAM VILLAGE,VARADAIAHPALEM MANDAL,CHITTOOR DISTRICT-517541,ANDHRA PRADESH","Xiaomi Technology India Private Limited, Building Orchid. Block E, Embassy Tech Village, Marathahalli Outer Ring Road, Devarabisanahalli, Bengaluru 560103"
"iQOO Z6 Lite 5G by vivo (Stellar Green, 6GB RAM, 128GB Storage) | World's First Snapdragon 4 Gen 1 | 120Hz Refresh Rate | 5000mAh Battery | Travel Adapter to be Purchased Separately",B07WJV6P1R,"20,580 ratings
4.1 out of 5 stars","#920 in Electronics (See Top 100 in Electronics)
#97 in Smartphones",7 September 2022,"vivo, Vivo Mobile India Pvt Ltd, Tech-1 and Tech-2, World Trade Centre, Plot no-TZ-13A, Techzone (I.T. Park), Greater Noida, Uttar Pradesh, India. Pin - 201308",16.4 x 7.6 x 0.8 Centimeters,1 Pack,Smartphone,20580.0,15499.0,Vivo Mobile India Pvt Ltd,Vivo Mobile India Pvt Ltd
"iQOO Z6 Pro 5G by vivo (Phantom Dusk, 12GB RAM, 256GB Storage) | Snapdragon 778G 5G | 66W FlashCharge | 1300 nits Peak Brightness | HDR10+",B07WHRNJJN,"10,062 ratings
4.3 out of 5 stars","#1,104 in Electronics (See Top 100 in Electronics)
#108 in Smartphones",3 May 2022,"vivo, Vivo Mobile India Pvt Ltd, Tech-1 and Tech-2, World Trade Centre, Plot no-TZ-13A, Techzone (I.T. Park), Greater Noida, Uttar Pradesh, India. Pin - 201308",16 x 7.4 x 0.8 Centimeters,1 Count,Smartphone,10062.0,27999.0,Vivo Mobile India Pvt Ltd,Vivo Mobile India Pvt Ltd
"Nokia 215 4G Dual SIM 4G Phone with Long Battery Life, Multiplayer Games, Wireless FM Radio and Durable Ergonomic Design | Cyan Green",B08MVWSL9C,"6,315 ratings
3.5 out of 5 stars","#1,404 in Electronics (See Top 100 in Electronics)
#24 in Basic Mobiles",4 November 2020,"RISING STARS MOBILE INDIA PVT LTD, RISING STARS MOBILE INDIA PVT LTD, Plot: M-2B, Sipcot Industrial Park, Phase-2, Hi Tech SEZ DTA Area, Chennai-Bangalore Highway(NH4), Sunguvarchatram, Kancheepuram Dist, 602106, Tamil Nadu, India",12.5 x 5.1 x 1.4 Centimeters,1 Count,4G Feature Phone,6315.0,3249.0,"RISING STARS MOBILE INDIA PVT LTD, Plot: M-2B, Sipcot Industrial Park, Phase-2, Hi Tech SEZ DTA Area, Chennai-Bangalore Highway(NH4), Sunguvarchatram, Kancheepuram Dist, 602106, Tamil Nadu, India",
"iQOO Z6 Lite 5G by vivo (Stellar Green, 6GB RAM, 128GB Storage) | World's First Snapdragon 4 Gen 1 | 120Hz Refresh Rate | 5000mAh Battery | Travel Adapter to be Purchased Separately",B07WJV6P1R,"20,580 ratings
4.1 out of 5 stars","#920 in Electronics (See Top 100 in Electronics)
#97 in Smartphones",7 September 2022,"vivo, Vivo Mobile India Pvt Ltd, Tech-1 and Tech-2, World Trade Centre, Plot no-TZ-13A, Techzone (I.T. Park), Greater Noida, Uttar Pradesh, India. Pin - 201308",16.4 x 7.6 x 0.8 Centimeters,1 Pack,Smartphone,20580.0,15499.0,Vivo Mobile India Pvt Ltd,Vivo Mobile India Pvt Ltd
"(Renewed) Nokia 215 4G Dual SIM 4G Phone with Long Battery Life, Multiplayer Games, Wireless FM Radio and Durable Ergonomic Design – Cyan Green_124.7 x 51.0 x 13.7 mm",B08PSF68TL,"165 ratings
3.4 out of 5 stars","#172 in Amazon Renewed (See Top 100 in Amazon Renewed)
#29 in For the Cricket Frenzy
#43 in Renewed Electronics
#48 in Like new products by Amazon Renewed",5 December 2020,RISING STARS MOBILE INDIA PVT LTD,12.5 x 5.1 x 1.4 Centimeters,1 Count,4G Feature Phone,165.0,N.A,,
"Samsung Galaxy M13 (Aqua Green, 6GB, 128GB Storage) | 6000mAh Battery | Upto 12GB RAM with RAM Plus",B0B4F2XCK3,"20,862 ratings
4.1 out of 5 stars","#783 in Electronics (See Top 100 in Electronics)
#80 in Smartphones",16 July 2022,"Samsung, Samsung India Electronics Pvt ltd, 6th Floor , DLF Centre, Sansad Marg, New Delhi - 110001 . Email id: support.india@samsung.com, Tel(Toll Free): 1800 40 7267864",9 x 77 x 165 Millimeters,1 Count,Smartphone,20862.0,12999.0,"Samsung India Electronics Pvt ltd, 6th Floor , DLF Centre, Sansad Marg, New Delhi - 110001 . Email id: support.india@samsung.com, Tel(Toll Free): 1800 40 7267864","Samsung India Electronics Pvt ltd, 6th Floor , DLF Centre, Sansad Marg, New Delhi - 110001 . Email id: support.india@samsung.com, Tel(Toll Free): 1800 40 7267864"
"Tecno POVA 5G (8GB RAM,128GB Storage,Aether Black) | FHD+ Screen | 6000mAh | 50MP AI Triple Rear Camera",B09QQJNTH7,"1,125 ratings
3.9 out of 5 stars","#1,563 in Electronics (See Top 100 in Electronics)
#149 in Smartphones",13 February 2022,"G-MOBILES, ISMARTU India Private Limited, D197&198&199, D Block, Sector 63, Uttar Pradesh 201301 India",17.3 x 7.8 x 0.9 Centimeters,1 Pack,Smartphone,1125.0,15799.0,"ISMARTU India Private Limited, D197&198&199, D Block, Sector 63, Uttar Pradesh 201301 India",
"Tecno POVA 5G (8GB RAM,128GB Storage,Aether Black) | FHD+ Screen | 6000mAh | 50MP AI Triple Rear Camera",B09QQJNTH7,"1,125 ratings
3.9 out of 5 stars","#1,563 in Electronics (See Top 100 in Electronics)
#149 in Smartphones",13 February 2022,"G-MOBILES, ISMARTU India Private Limited, D197&198&199, D Block, Sector 63, Uttar Pradesh 201301 India",17.3 x 7.8 x 0.9 Centimeters,1 Pack,Smartphone,1125.0,15799.0,"ISMARTU India Private Limited, D197&198&199, D Block, Sector 63, Uttar Pradesh 201301 India",
"Nokia C01 Plus 4G, 5.45” HD+ Screen, Selfie Camera with Front Flash | 32GB Storage (Grey)",B09VC9SHHH,"3,198 ratings
3.4 out of 5 stars","#2,134 in Electronics (See Top 100 in Electronics)
#184 in Smartphones",11 March 2022,"Nokia, Wingtech Mobile Communications (India) Pvt Ltd, SHED NO 11, SY NO 376/2,377/3,378/2, EMC-II,Vikruthamala, Chittoor, AP, State Name : Andhra Pradesh, Code : 37",14.8 x 7.2 x 0.9 Centimeters,1 Count,Smartphones,3198.0,5699.0,"Wingtech Mobile Communications (India) Pvt Ltd, SHED NO 11, SY NO 376/2,377/3,378/2, EMC-II,Vikruthamala, Chittoor, AP, State Name : Andhra Pradesh, Code : 37","Wingtech Mobile Communications (India) Pvt Ltd, SHED NO 11, SY NO 376/2,377/3,378/2, EMC-II,Vikruthamala, Chittoor, AP, State Name : Andhra Pradesh, Code : 37"
"Redmi A1 (Light Green, 2GB RAM 32GB ROM) | Segment Best AI Dual Cam | 5000mAh Battery | Leather Texture Design | Android 12",B0BBN3WF7V,"9,198 ratings
4.0 out of 5 stars","#135 in Electronics (See Top 100 in Electronics)
#20 in Smartphones",9 September 2022,"Redmi, DBG Technology (India) Pvt Ltd , PLOT NO-2, BAWAL, SECTOR-8, Rewari, Haryana, 123501",16.5 x 0.9 x 7.7 Centimeters,192 Grams,Smartphone,9198.0,6499.0,"DBG Technology (India) Pvt Ltd , PLOT NO-2, BAWAL, SECTOR-8, Rewari, Haryana, 123501","Xiaomi Technology India Private Limited, Building Orchid. Block E, Embassy Tech Village, Marathahalli Outer Ring Road, Devarabisanahalli, Bengaluru 560103"
"Redmi Note 11 Pro (Star Blue, 8GB RAM, 128GB Storage)| 67W Turbo Charge | 120Hz Super AMOLED Display | Charger Included | Get 2 Months of YouTube Premium Free!",B09T2XV9T3,"3,353 ratings
4.0 out of 5 stars","#3,901 in Electronics (See Top 100 in Electronics)
#274 in Smartphones",22 March 2022,"Redmi, Flextronics Technologies India Private Limited , No 90, Surevy No 400 and 402, ASV Mind Space, SP Road, Uthukaddu, State Highway 120,Kattavakkam Village, Wallajabad Taluk, Tamil Nadu",16.4 x 0.8 x 7.6 Centimeters,202 Grams,Smartphone,3353.0,19999.0,"Flextronics Technologies India Private Limited , No 90, Surevy No 400 and 402, ASV Mind Space, SP Road, Uthukaddu, State Highway 120,Kattavakkam Village, Wallajabad Taluk, Tamil Nadu",
"Redmi Note 11 Pro (Star Blue, 8GB RAM, 128GB Storage)| 67W Turbo Charge | 120Hz Super AMOLED Display | Charger Included | Get 2 Months of YouTube Premium Free!",B09T2XV9T3,"3,353 ratings
4.0 out of 5 stars","#3,901 in Electronics (See Top 100 in Electronics)
#274 in Smartphones",22 March 2022,"Redmi, Flextronics Technologies India Private Limited , No 90, Surevy No 400 and 402, ASV Mind Space, SP Road, Uthukaddu, State Highway 120,Kattavakkam Village, Wallajabad Taluk, Tamil Nadu",16.4 x 0.8 x 7.6 Centimeters,202 Grams,Smartphone,3353.0,19999.0,"Flextronics Technologies India Private Limited , No 90, Surevy No 400 and 402, ASV Mind Space, SP Road, Uthukaddu, State Highway 120,Kattavakkam Village, Wallajabad Taluk, Tamil Nadu",
"Redmi 11 Prime 5G (Thunder Black, 4GB RAM, 64GB Storage) | Prime Design | MTK Dimensity 700 | 50 MP Dual Cam | 5000mAh | 7 Band 5G",B0BBFJLP21,"2,766 ratings
3.9 out of 5 stars","#654 in Electronics (See Top 100 in Electronics)
#74 in Smartphones",9 September 2022,"Redmi, Bharat FIH limited , #380,BELERICA ROAD,SRI CITY,SIDDAM AGRAHARAM VILLAGE,VARADAIAHPALEM MANDAL,CHITTOOR DISTRICT-517541,ANDHRA PRADESH",16.4 x 0.9 x 7.6 Centimeters,200 Grams,Smartphone,2766.0,13999.0,"Bharat FIH limited , #380,BELERICA ROAD,SRI CITY,SIDDAM AGRAHARAM VILLAGE,VARADAIAHPALEM MANDAL,CHITTOOR DISTRICT-517541,ANDHRA PRADESH","Xiaomi Technology India Private Limited, Building Orchid. Block E, Embassy Tech Village, Marathahalli Outer Ring Road, Devarabisanahalli, Bengaluru 560103"
"Redmi A1 (Light Green, 2GB RAM 32GB ROM) | Segment Best AI Dual Cam | 5000mAh Battery | Leather Texture Design | Android 12",B0BBN3WF7V,"9,198 ratings
4.0 out of 5 stars","#135 in Electronics (See Top 100 in Electronics)
#20 in Smartphones",9 September 2022,"Redmi, DBG Technology (India) Pvt Ltd , PLOT NO-2, BAWAL, SECTOR-8, Rewari, Haryana, 123501",16.5 x 0.9 x 7.7 Centimeters,192 Grams,Smartphone,9198.0,6499.0,"DBG Technology (India) Pvt Ltd , PLOT NO-2, BAWAL, SECTOR-8, Rewari, Haryana, 123501","Xiaomi Technology India Private Limited, Building Orchid. Block E, Embassy Tech Village, Marathahalli Outer Ring Road, Devarabisanahalli, Bengaluru 560103"
"Nokia C01 Plus 4G, 5.45” HD+ Screen, Selfie Camera with Front Flash | 32GB Storage (Grey)",B09VC9SHHH,"3,198 ratings
3.4 out of 5 stars","#2,134 in Electronics (See Top 100 in Electronics)
#184 in Smartphones",11 March 2022,"Nokia, Wingtech Mobile Communications (India) Pvt Ltd, SHED NO 11, SY NO 376/2,377/3,378/2, EMC-II,Vikruthamala, Chittoor, AP, State Name : Andhra Pradesh, Code : 37",14.8 x 7.2 x 0.9 Centimeters,1 Count,Smartphones,3198.0,5699.0,"Wingtech Mobile Communications (India) Pvt Ltd, SHED NO 11, SY NO 376/2,377/3,378/2, EMC-II,Vikruthamala, Chittoor, AP, State Name : Andhra Pradesh, Code : 37","Wingtech Mobile Communications (India) Pvt Ltd, SHED NO 11, SY NO 376/2,377/3,378/2, EMC-II,Vikruthamala, Chittoor, AP, State Name : Andhra Pradesh, Code : 37"
"(Renewed) Redmi A1 (Light Green, 2GB RAM 32GB ROM) | Segment Best AI Dual Cam | 5000mAh Battery | Leather Texture Design | Android 12",B0BPLM87LF,"3 ratings
2.5 out of 5 stars","#36,176 in Electronics (See Top 100 in Electronics)
#1,304 in Smartphones",9 December 2022,Redmi,9 x 8 x 7 Centimeters,192 Grams,Smartphone,3.0,N.A,,
"(Renewed) Nokia C01 Plus 4G, 5.45” HD+ Screen, Selfie Camera with Front Flash | 32GB Storage (Grey)",B09WQ1KP4P,"52 ratings
3.2 out of 5 stars","#28,833 in Electronics (See Top 100 in Electronics)
#1,127 in Smartphones",28 March 2022,Nokia,14.8 x 7.2 x 0.9 Centimeters,1 Count,Smartphones,52.0,N.A,,
"Redmi 11 Prime 5G (Thunder Black, 4GB RAM, 64GB Storage) | Prime Design | MTK Dimensity 700 | 50 MP Dual Cam | 5000mAh | 7 Band 5G",B0BBFJLP21,"2,766 ratings
3.9 out of 5 stars","#654 in Electronics (See Top 100 in Electronics)
#74 in Smartphones",9 September 2022,"Redmi, Bharat FIH limited , #380,BELERICA ROAD,SRI CITY,SIDDAM AGRAHARAM VILLAGE,VARADAIAHPALEM MANDAL,CHITTOOR DISTRICT-517541,ANDHRA PRADESH",16.4 x 0.9 x 7.6 Centimeters,200 Grams,Smartphone,2766.0,13999.0,"Bharat FIH limited , #380,BELERICA ROAD,SRI CITY,SIDDAM AGRAHARAM VILLAGE,VARADAIAHPALEM MANDAL,CHITTOOR DISTRICT-517541,ANDHRA PRADESH","Xiaomi Technology India Private Limited, Building Orchid. Block E, Embassy Tech Village, Marathahalli Outer Ring Road, Devarabisanahalli, Bengaluru 560103"
"Redmi 11 Prime 5G (Meadow Green, 4GB RAM 64GB ROM) | Prime Design | MTK Dimensity 700 | 50 MP Dual Cam | 5000mAh | 7 Band 5G",B0BBFJ9M3X,"2,766 ratings
3.9 out of 5 stars","#385 in Electronics (See Top 100 in Electronics)
#53 in Smartphones",9 September 2022,"Redmi, Bharat FIH limited , #380,BELERICA ROAD,SRI CITY,SIDDAM AGRAHARAM VILLAGE,VARADAIAHPALEM MANDAL,CHITTOOR DISTRICT-517541,ANDHRA PRADESH",16.4 x 0.9 x 7.6 Centimeters,200 Grams,Smartphone,2766.0,13999.0,"Bharat FIH limited , #380,BELERICA ROAD,SRI CITY,SIDDAM AGRAHARAM VILLAGE,VARADAIAHPALEM MANDAL,CHITTOOR DISTRICT-517541,ANDHRA PRADESH","Xiaomi Technology India Private Limited, Building Orchid. Block E, Embassy Tech Village, Marathahalli Outer Ring Road, Devarabisanahalli, Bengaluru 560103"
(Renewed) NOKIA 125 DS (Black),B08NCX4Z7N,"11 ratings
3.6 out of 5 stars","#75 in Amazon Renewed (See Top 100 in Amazon Renewed)
#7 in Celebrate Onam with Renewed
#103 in Basic Mobiles",12 November 2020,RISING STARS MOBILE INDIA PVT LTD,13.2 x 5 x 1.5 Centimeters,,Feature Phone,11.0,N.A,,
realme narzo 50i Prime (Dark Blue 4GB RAM+64GB Storage) Octa-core Processor | 5000 mAh Battery,B0BBM7L888,"2,430 ratings
4.1 out of 5 stars","#962 in Electronics (See Top 100 in Electronics)
#100 in Smartphones",6 September 2022,"OPPO Mobiles India Pvt Ltd, OPPO Mobiles India Pvt Ltd,Ploy.No. 1, Udyog Vihar, Greater Noida, Gautam Buddha Nagar, Uttar Pradesh - 201306",9 x 76 x 164 Millimeters,1 Count,Smartphone,2430.0,8999.0,"Realme Mobile Telecommunications India Private Limited 3rd Floor, Tower-B, Building No.8, DLF Cyber City, Gurugram - 122002, Haryana, India",Oppo Mobiles India Private Limited
"POCO X4 Pro 5G (Laser Black, 6GB RAM 128GB Storage)",B0B66VZ7Y5,"124 ratings
3.8 out of 5 stars","#2,176 in Electronics (See Top 100 in Electronics)
#187 in Smartphones",10 July 2022,Xiaomi Technology India Pvt. Ltd.,8 x 76 x 164 Millimeters,,,124.0,18440.0,,
"realme narzo 50 5G (Hyper Blue, 6GB RAM+128GB Storage) Dimensity 810 5G Processor | 48MP Ultra HD Camera",B09ZBFH4P2,"3,027 ratings
4.2 out of 5 stars","#2,085 in Electronics (See Top 100 in Electronics)
#182 in Smartphones",17 May 2022,"OPPO Mobiles India Pvt Ltd, OPPO Mobiles India Pvt Ltd,Ploy.No. 1, Udyog Vihar, Greater Noida, Gautam Buddha Nagar, Uttar Pradesh - 201306",18.4 x 9.8 x 6.5 Centimeters,1 Count,Smartphone,3027.0,17999.0,"Realme Mobile Telecommunications India Private Limited 3rd Floor, Tower-B, Building No.8, DLF Cyber City, Gurugram - 122002, Haryana, India",Oppo Mobiles India Private Limited
Nokia 125 TA-1253 DS in Black,B08JCX8X2M,"1,546 ratings
3.7 out of 5 stars","#3,337 in Electronics (See Top 100 in Electronics)
#52 in Basic Mobiles",17 September 2020,"RISING STARS MOBILE INDIA PVT LTD, RISING STARS MOBILE INDIA PVT LTD, Plot: M-2B, Sipcot Industrial Park, Phase-2, Hi Tech SEZ DTA Area, Chennai-Bangalore Highway(NH4), Sunguvarchatram, Kancheepuram Dist, 602106, Tamil Nadu, India",13.2 x 5 x 1.5 Centimeters,,Feature Phone,1546.0,2199.0,"RISING STARS MOBILE INDIA PVT LTD, Plot: M-2B, Sipcot Industrial Park, Phase-2, Hi Tech SEZ DTA Area, Chennai-Bangalore Highway(NH4), Sunguvarchatram, Kancheepuram Dist, 602106, Tamil Nadu, India",
"realme narzo 50 5G (Hyper Blue, 6GB RAM+128GB Storage) Dimensity 810 5G Processor | 48MP Ultra HD Camera",B09ZBFH4P2,"3,027 ratings
4.2 out of 5 stars","#2,085 in Electronics (See Top 100 in Electronics)
#182 in Smartphones",17 May 2022,"OPPO Mobiles India Pvt Ltd, OPPO Mobiles India Pvt Ltd,Ploy.No. 1, Udyog Vihar, Greater Noida, Gautam Buddha Nagar, Uttar Pradesh - 201306",18.4 x 9.8 x 6.5 Centimeters,1 Count,Smartphone,3027.0,17999.0,"Realme Mobile Telecommunications India Private Limited 3rd Floor, Tower-B, Building No.8, DLF Cyber City, Gurugram - 122002, Haryana, India",Oppo Mobiles India Private Limited
"POCO X4 Pro 5G (Laser Black, 6GB RAM 128GB Storage)",B0B66VZ7Y5,"124 ratings
3.8 out of 5 stars","#2,176 in Electronics (See Top 100 in Electronics)
#187 in Smartphones",10 July 2022,Xiaomi Technology India Pvt. Ltd.,8 x 76 x 164 Millimeters,,,124.0,18440.0,,
"Redmi 11 Prime 5G (Meadow Green, 4GB RAM 64GB ROM) | Prime Design | MTK Dimensity 700 | 50 MP Dual Cam | 5000mAh | 7 Band 5G",B0BBFJ9M3X,"2,766 ratings
3.9 out of 5 stars","#385 in Electronics (See Top 100 in Electronics)
#53 in Smartphones",9 September 2022,"Redmi, Bharat FIH limited , #380,BELERICA ROAD,SRI CITY,SIDDAM AGRAHARAM VILLAGE,VARADAIAHPALEM MANDAL,CHITTOOR DISTRICT-517541,ANDHRA PRADESH",16.4 x 0.9 x 7.6 Centimeters,200 Grams,Smartphone,2766.0,13999.0,"Bharat FIH limited , #380,BELERICA ROAD,SRI CITY,SIDDAM AGRAHARAM VILLAGE,VARADAIAHPALEM MANDAL,CHITTOOR DISTRICT-517541,ANDHRA PRADESH","Xiaomi Technology India Private Limited, Building Orchid. Block E, Embassy Tech Village, Marathahalli Outer Ring Road, Devarabisanahalli, Bengaluru 560103"
Nokia 125 TA-1253 DS in Black,B08JCX8X2M,"1,546 ratings
3.7 out of 5 stars","#3,337 in Electronics (See Top 100 in Electronics)
#52 in Basic Mobiles",17 September 2020,"RISING STARS MOBILE INDIA PVT LTD, RISING STARS MOBILE INDIA PVT LTD, Plot: M-2B, Sipcot Industrial Park, Phase-2, Hi Tech SEZ DTA Area, Chennai-Bangalore Highway(NH4), Sunguvarchatram, Kancheepuram Dist, 602106, Tamil Nadu, India",13.2 x 5 x 1.5 Centimeters,,Feature Phone,1546.0,2199.0,"RISING STARS MOBILE INDIA PVT LTD, Plot: M-2B, Sipcot Industrial Park, Phase-2, Hi Tech SEZ DTA Area, Chennai-Bangalore Highway(NH4), Sunguvarchatram, Kancheepuram Dist, 602106, Tamil Nadu, India",
realme narzo 50i Prime (Dark Blue 4GB RAM+64GB Storage) Octa-core Processor | 5000 mAh Battery,B0BBM7L888,"2,430 ratings
4.1 out of 5 stars","#962 in Electronics (See Top 100 in Electronics)
#100 in Smartphones",6 September 2022,"OPPO Mobiles India Pvt Ltd, OPPO Mobiles India Pvt Ltd,Ploy.No. 1, Udyog Vihar, Greater Noida, Gautam Buddha Nagar, Uttar Pradesh - 201306",9 x 76 x 164 Millimeters,1 Count,Smartphone,2430.0,8999.0,"Realme Mobile Telecommunications India Private Limited 3rd Floor, Tower-B, Building No.8, DLF Cyber City, Gurugram - 122002, Haryana, India",Oppo Mobiles India Private Limited
Redmi Note 12 5G Matte Black 6GB RAM 128GB ROM | 1st Phone with 120Hz Super AMOLED and Snapdragon® 4 Gen 1 | 48MP AI Triple Camera,B0BQ3MT8P2,"683 ratings
3.4 out of 5 stars","#345 in Electronics (See Top 100 in Electronics)
#47 in Smartphones",6 January 2023,"Redmi, Bharat FIH limited , #380,BELERICA ROAD,SRI CITY,SIDDAM AGRAHARAM VILLAGE,VARADAIAHPALEM MANDAL,CHITTOOR DISTRICT-517541,ANDHRA PRADESH",16.6 x 0.8 x 7.6 Centimeters,188 Grams,Smartphone,683.0,19999.0,"Bharat FIH limited , #380,BELERICA ROAD,SRI CITY,SIDDAM AGRAHARAM VILLAGE,VARADAIAHPALEM MANDAL,CHITTOOR DISTRICT-517541,ANDHRA PRADESH","Xiaomi Technology India Private Limited, Building Orchid. Block E, Embassy Tech Village, Marathahalli Outer Ring Road, Devarabisanahalli, Bengaluru 560103"
Redmi Note 12 5G Matte Black 6GB RAM 128GB ROM | 1st Phone with 120Hz Super AMOLED and Snapdragon® 4 Gen 1 | 48MP AI Triple Camera,B0BQ3MT8P2,"683 ratings
3.4 out of 5 stars","#345 in Electronics (See Top 100 in Electronics)
#47 in Smartphones",6 January 2023,"Redmi, Bharat FIH limited , #380,BELERICA ROAD,SRI CITY,SIDDAM AGRAHARAM VILLAGE,VARADAIAHPALEM MANDAL,CHITTOOR DISTRICT-517541,ANDHRA PRADESH",16.6 x 0.8 x 7.6 Centimeters,188 Grams,Smartphone,683.0,19999.0,"Bharat FIH limited , #380,BELERICA ROAD,SRI CITY,SIDDAM AGRAHARAM VILLAGE,VARADAIAHPALEM MANDAL,CHITTOOR DISTRICT-517541,ANDHRA PRADESH","Xiaomi Technology India Private Limited, Building Orchid. Block E, Embassy Tech Village, Marathahalli Outer Ring Road, Devarabisanahalli, Bengaluru 560103"
Lava A3 (White Beige) - Dual Sim Mobile with 1750 mAh Big Battery and 32 GB Expandable Storage,B07R2C5NKP,"5,575 ratings
4.0 out of 5 stars","#1,498 in Electronics (See Top 100 in Electronics)
#27 in Basic Mobiles",24 April 2019,"Lava, Lava International",11.8 x 1.5 x 5 Centimeters,1 Count,Mobile,5575.0,1212.0,"Lava International, India",Lava International
Lava A3 (Dark Blue) - Dual Sim Mobile with 1750 mAh Big Battery and 32 GB Expandable Storage,B07R3SNX8D,"5,575 ratings
4.0 out of 5 stars","#1,826 in Electronics (See Top 100 in Electronics)
#32 in Basic Mobiles",24 April 2019,"Lava, Lava International",11.8 x 1.5 x 5 Centimeters,1 Count,Mobile,5575.0,1212.0,"Lava International, Noida",Lava International
"iQOO Neo 6 5G (Maverick Orange, 12GB RAM, 256GB Storage) | Only Snapdragon 870 in The Segment | 50% Charge in Just 12 Mins | 90 FPS Gaming Support*",B07WHQVTRQ,"21,180 ratings
4.4 out of 5 stars","#3,289 in Electronics (See Top 100 in Electronics)
#234 in Smartphones",3 December 2021,"iQOO, iQOO, Vivo Mobile India Pvt Ltd, Tech-1 and Tech-2, World Trade Centre, Plot no-TZ-13A, Techzone (I.T. Park), Greater Noida, Uttar Pradesh, India. Pin - 201308",16.3 x 7.6 x 0.9 Centimeters,,Smartphone,21180.0,33999.0,"IQOO Mobile India Private Limited, Customer Care Helpline Number: Helpline Number: 1800-572-4700; Email: icare@iqoo.com",IQOO Mobile India Private Limited
"OPPO A15s (Fancy White, 4GB, 128GB Storage) AI Triple Camera | 6.52"" HD+ Screen | 2.3GHz Mediatek Helio P35 Octa Core Processor",B08LRDT7PL,"10,279 ratings
4.2 out of 5 stars","#1,875 in Electronics (See Top 100 in Electronics)
#170 in Smartphones",18 January 2021,"OPPO Mobiles India Pvt Ltd, OPPO Mobiles India Pvt Ltd, Tel - 18001032777",7.5 x 0.8 x 164.5 Centimeters,1 Count,Smartphone,10279.0,11490.0,"OPPO Mobiles India Pvt Ltd, Tel - 18001032777","OPPO Mobiles India Pvt Ltd, Tel - 18001032777"
"iQOO Neo 6 5G (Maverick Orange, 12GB RAM, 256GB Storage) | Only Snapdragon 870 in The Segment | 50% Charge in Just 12 Mins | 90 FPS Gaming Support*",B07WHQVTRQ,"21,180 ratings
4.4 out of 5 stars","#3,289 in Electronics (See Top 100 in Electronics)
#234 in Smartphones",3 December 2021,"iQOO, iQOO, Vivo Mobile India Pvt Ltd, Tech-1 and Tech-2, World Trade Centre, Plot no-TZ-13A, Techzone (I.T. Park), Greater Noida, Uttar Pradesh, India. Pin - 201308",16.3 x 7.6 x 0.9 Centimeters,,Smartphone,21180.0,33999.0,"iQOO Mobile India Private Limited, Customer Care Helpline Number: Helpline Number: 1800-572-4700; Email: icare@iqoo.com",iQOO Mobile India Private Limited
Lava A3 (Dark Blue) - Dual Sim Mobile with 1750 mAh Big Battery and 32 GB Expandable Storage,B07R3SNX8D,"5,575 ratings
4.0 out of 5 stars","#1,826 in Electronics (See Top 100 in Electronics)
#32 in Basic Mobiles",24 April 2019,"Lava, Lava International",11.8 x 1.5 x 5 Centimeters,1 Count,Mobile,5575.0,1212.0,"Lava International, Noida",Lava International
Lava A3 (White Beige) - Dual Sim Mobile with 1750 mAh Big Battery and 32 GB Expandable Storage,B07R2C5NKP,"5,575 ratings
4.0 out of 5 stars","#1,498 in Electronics (See Top 100 in Electronics)
#27 in Basic Mobiles",24 April 2019,"Lava, Lava International",11.8 x 1.5 x 5 Centimeters,1 Count,Mobile,5575.0,1212.0,"Lava International, India",Lava International
SHIVANSH LYF Flame 7S 4G Smartphone Unlock for All Carrier All SIM WROKING,B0BR1DD77T,,"#6,046 in Electronics (See Top 100 in Electronics)
#387 in Smartphones",24 December 2022,LYF,,1.00 1,,N.A,2490.0,,
"OPPO A15s (Fancy White, 4GB, 128GB Storage) AI Triple Camera | 6.52"" HD+ Screen | 2.3GHz Mediatek Helio P35 Octa Core Processor",B08LRDT7PL,"10,279 ratings
4.2 out of 5 stars","#1,875 in Electronics (See Top 100 in Electronics)
#170 in Smartphones",18 January 2021,"OPPO Mobiles India Pvt Ltd, OPPO Mobiles India Pvt Ltd, Tel - 18001032777",7.5 x 0.8 x 164.5 Centimeters,1 Count,Smartphone,10279.0,11490.0,"OPPO Mobiles India Pvt Ltd, Tel - 18001032777","OPPO Mobiles India Pvt Ltd, Tel - 18001032777"
SHIVANSH LYF Flame 7S 4G Smartphone Unlock for All Carrier All SIM WROKING,B0BR1DD77T,,"#6,046 in Electronics (See Top 100 in Electronics)
#387 in Smartphones",24 December 2022,LYF,,1.00 1,,N.A,2490.0,,
"Vivo Y02 (Cosmic Grey, 3GB RAM, 32GB Storage) with No Cost EMI/Additional Exchange Offers",B07WFPMGQS,"15 ratings
3.7 out of 5 stars","#5,064 in Electronics (See Top 100 in Electronics)
#333 in Smartphones",1 December 2022,"vivo, vivo Mobile India Pvt Ltd Tech-1 and Tech-2, World Trade Centre, Plot no-TZ-13A, Techzone (I.T. Park), Greater Noida, Uttar Pradesh, India. Pin - 201308",16.4 x 7.6 x 0.8 Centimeters,1 Count,Mobile,15.0,8999.0,"Vivo Mobile India Pvt Ltd Tech-1 and Tech-2, World Trade Centre, Plot no-TZ-13A, Techzone (I.T. Park), Greater Noida, Uttar Pradesh, India. Pin - 201308",Vivo Mobile India Pvt Ltd
"Tecno POVA 3 (Eco Black, 4GB RAM,64GB Storage) | 7000mAh Battery |33W Fast Charger",B0B31624DQ,"1,845 ratings
3.9 out of 5 stars","#3,674 in Electronics (See Top 100 in Electronics)
#260 in Smartphones",26 June 2022,"TECNO, G Mobiles India",17.3 x 7.8 x 0.9 Centimeters,1 Count,Smartphone,1845.0,9999.0,G Mobiles India,
Apple iPhone 14 128GB (Product) RED,,,,,,,,,424.0,72499.0,,
"Redmi K50i 5G (Stealth Black, 8GB RAM, 256GB Storage) | Flagship Mediatek Dimensity 8100 Processor | 144Hz Liquid FFS Display | Alexa Built-in",B0B4DQW8N7,"7,388 ratings
4.0 out of 5 stars","#3,075 in Electronics (See Top 100 in Electronics)
#227 in Smartphones",22 July 2022,"Redmi, Bharat FIH limited , #380,BELERICA ROAD,SRI CITY,SIDDAM AGRAHARAM VILLAGE,VARADAIAHPALEM MANDAL,CHITTOOR DISTRICT-517541,ANDHRA PRADESH",16.4 x 0.9 x 7.4 Centimeters,200 Grams,Smartphones,7388.0,26999.0,"Bharat FIH limited , #380,BELERICA ROAD,SRI CITY,SIDDAM AGRAHARAM VILLAGE,VARADAIAHPALEM MANDAL,CHITTOOR DISTRICT-517541,ANDHRA PRADESH",
"Tecno POVA 3 (Eco Black, 4GB RAM,64GB Storage) | 7000mAh Battery |33W Fast Charger",B0B31624DQ,"1,845 ratings
3.9 out of 5 stars","#3,674 in Electronics (See Top 100 in Electronics)
#260 in Smartphones",26 June 2022,"TECNO, G Mobiles India",17.3 x 7.8 x 0.9 Centimeters,1 Count,Smartphone,1845.0,9999.0,G Mobiles India,
"Redmi K50i 5G (Stealth Black, 8GB RAM, 256GB Storage) | Flagship Mediatek Dimensity 8100 Processor | 144Hz Liquid FFS Display | Alexa Built-in",B0B4DQW8N7,"7,388 ratings
4.0 out of 5 stars","#3,075 in Electronics (See Top 100 in Electronics)
#227 in Smartphones",22 July 2022,"Redmi, Bharat FIH limited , #380,BELERICA ROAD,SRI CITY,SIDDAM AGRAHARAM VILLAGE,VARADAIAHPALEM MANDAL,CHITTOOR DISTRICT-517541,ANDHRA PRADESH",16.4 x 0.9 x 7.4 Centimeters,200 Grams,Smartphones,7388.0,26999.0,"Bharat FIH limited , #380,BELERICA ROAD,SRI CITY,SIDDAM AGRAHARAM VILLAGE,VARADAIAHPALEM MANDAL,CHITTOOR DISTRICT-517541,ANDHRA PRADESH",
"Vivo Y02 (Cosmic Grey, 3GB RAM, 32GB Storage) with No Cost EMI/Additional Exchange Offers",B07WFPMGQS,"15 ratings
3.7 out of 5 stars","#5,064 in Electronics (See Top 100 in Electronics)
#333 in Smartphones",1 December 2022,"vivo, vivo Mobile India Pvt Ltd Tech-1 and Tech-2, World Trade Centre, Plot no-TZ-13A, Techzone (I.T. Park), Greater Noida, Uttar Pradesh, India. Pin - 201308",16.4 x 7.6 x 0.8 Centimeters,1 Count,Mobile,15.0,8999.0,"Vivo Mobile India Pvt Ltd Tech-1 and Tech-2, World Trade Centre, Plot no-TZ-13A, Techzone (I.T. Park), Greater Noida, Uttar Pradesh, India. Pin - 201308",Vivo Mobile India Pvt Ltd
Apple iPhone 14 128GB (Product) RED,,,,,,,,,424.0,72499.0,,
